{
  "json_schema_major_version": "1",
  "json_schema_minor_version": "2",
  "json_content_version": "1",
  "function_name": "IDWT",
  "function_version": "1.6",
  "function_type": "driver",
  "function_alias_name": "IDWT",
  "function_r_name": "aa.idwt",
  "short_description": "This function performs 1D reverse wavelet transform.",
  "long_description": "The IDWT function is the inverse of DWT; that is, IDWT applies inverse wavelet transforms on multiple sequences simultaneously. IDWT takes as input the output table and meta table output by DWT and outputs the sequences in time domain. (Because the IDWT output is comparable to the DWT input, the inverse transformation is also called the reconstruction.) This is a typical IDWT use case:",
  "input_tables": [
    {
      "requiredInputKind": [],
      "isOrdered": false,
      "partitionByOne": false,
      "name": "InputTable",
      "alternateNames": [],
      "isRequired": true,
      "rDescription": "Specifies the name of the input table or view that contains the coefficients generated by ta.dwt. Typically, this table is the output table of ta.dwt.",
      "description": "Specifies the name of the input table or view that contains the coefficients generated by DWT. Typically, this table is the output table of DWT.",
      "datatype": "TABLE_NAME",
      "allowsLists": false,
      "rName": "coefficient",
      "useInR": true,
      "rOrderNum": 1
    },
    {
      "requiredInputKind": [],
      "isOrdered": false,
      "partitionByOne": false,
      "name": "MetaTable",
      "alternateNames": [],
      "isRequired": true,
      "rDescription": " Specifies the name of the input table or view that contains the meta information used in ta.dwt. Typically, this table is the meta table output by ta.dwt.",
      "description": "Specifies the name of the input table or view that contains the meta information used in DWT. Typically, this table is the meta table output by DWT.",
      "datatype": "TABLE_NAME",
      "allowsLists": false,
      "rName": "meta.table",
      "useInR": true,
      "rOrderNum": 2
    }
  ],
  "output_tables": [
    {
      "isOutputTable": true,
      "name": "OutputTable",
      "alternateNames": [],
      "isRequired": true,
      "rDescription": "Specifies the name for the table that the function creates to store the reconstructed result. This table must not exist.",
      "description": "Specify the name for the table that the function creates to store the reconstructed result. This table must not exist.",
      "datatype": "TABLE_NAME",
      "allowsLists": false,
      "rName": "output.table",
      "useInR": true,
      "rOrderNum": 100
    }
  ],
  "argument_clauses": [
    {
      "targetTable": [
        "InputTable"
      ],
      "checkDuplicate": true,
      "allowedTypes": [],
      "allowedTypeGroups": [
        "ALL"
      ],
      "requiredLength": 1,
      "matchLengthOfArgument": "",
      "allowPadding": true,
      "name": "SortColumn",
      "alternateNames": [],
      "isRequired": true,
      "rDescription": "Specifies the name of the input column that represents the order of coefficients in each sequence (the waveletid column in the ta.dwt output table). The column must contain a sequence of integer values that start from 1 for each sequence. If a value is missing from the sequence, then the function treats the corresponding data column as 0.",
      "description": "Specify the name of the input column that represents the order of coefficients in each sequence (the waveletid column in the DWT output table). The column must contain a sequence of integer values that start from 1 for each sequence. If a value is missing from the sequence, the function treats the corresponding data column as 0.",
      "datatype": "COLUMN_NAMES",
      "allowsLists": false,
      "rName": "sort.column",
      "useInR": true,
      "rOrderNum": 4
    },
    {
      "targetTable": [
        "InputTable"
      ],
      "checkDuplicate": true,
      "allowedTypes": [],
      "allowedTypeGroups": [
        "ALL"
      ],
      "matchLengthOfArgument": "",
      "allowPadding": true,
      "name": "TargetColumns",
      "alternateNames": [
        "InputColumns"
      ],
      "isRequired": true,
      "rDescription": "Specifies the names of the columns in the data or view that contain the data to be transformed. These columns must contain numeric values between -1e308 and 1e308. The function treats NULL as 0.",
      "description": "Specifies the names of the columns in the input table or view that contain the data to be transformed. These columns must contain numeric values between -1e308 and 1e308. The function treats NULL as 0.",
      "datatype": "COLUMN_NAMES",
      "allowsLists": true,
      "rName": "input.columns",
      "useInR": true,
      "rOrderNum": 3
    },
    {
      "targetTable": [
        "InputTable"
      ],
      "checkDuplicate": true,
      "allowedTypes": [],
      "allowedTypeGroups": [
        "DISTRIBUTIONTYPE"
      ],
      "matchLengthOfArgument": "",
      "allowPadding": true,
      "name": "PartitionColumns",
      "alternateNames": [],
      "isRequired": false,
      "rDescription": "Specifies the names of the partition.columns, which identify the sequences. Rows with the same partition.columns values belong to the same sequence. If you specify multiple partition.columns, then the function treats the first one as the distribute key of the output and meta tables. By default, all rows belong to one sequence, and the function generates a distribute key column named dwt_idrandom_name in both the output table and the meta table. In both tables, every cell of dwt_idrandom_name has the value 1.",
      "description": " Specify the names of the partition columns, which identify the sequences. Rows with the same partition column values belong to the same sequence. If you specify multiple partition columns, the function treats the first one as the distribute key of the output and meta tables. Default behavior: All rows belong to one sequence, and the function creates a distribute key column named dwt_id random_name in both the output table and the meta table. In both tables, every cell of dwt_id random_name has the value 1.",
      "datatype": "COLUMN_NAMES",
      "allowsLists": true,
      "rName": "partition.columns",
      "useInR": true,
      "rOrderNum": 5
    },
    {
      "permittedValues": [],
      "isOutputColumn": false,
      "matchLengthOfArgument": "",
      "allowPadding": true,
      "name": "UniqueId",
      "alternateNames": [
        "SequenceInputBy"
      ],
      "isRequired": false,
      "rDescription": "Specifies the LIST_VECTOR of column(s) that uniquely identifies each row of the input argument INPUT_ARG_NAME. The argument is used to ensure deterministic results for functions which produce results that vary from run to run.",
      "description": "Specifies the input column(s) that uniquely identify each row of input table. The format is 'input1:c1' where input1 refers to the alias used by the input table that contains such column named c1.",
      "datatype": "STRING",
      "allowsLists": true,
      "rName": "sequence.column",
      "useInR": true,
      "rOrderNum": 50
    }
  ]
}