{
  "json_schema_major_version": "1",
  "json_schema_minor_version": "2",
  "json_content_version": "1",
  "function_name": "Path_Analyzer",
  "function_version": "1.9",
  "function_type": "driver",
  "function_alias_name": "PathAnalyzer",
  "function_r_name": "aa.path.evaluate",
  "short_description": "This function generates the children, parent for a particular node and calcuates its depth and number of visits.",
  "long_description": "This is a wrapper function, invoked by a 'ON (SELECT 1) PARTITION BY 1' clause. This Function generates the children, parent for a particular node and calcuates its depth and number of visits.",
  "input_tables": [
    {
      "requiredInputKind": [],
      "isOrdered": false,
      "partitionByOne": false,
      "name": "InputTable",
      "alternateNames": [],
      "isRequired": true,
      "rDescription": "Specifies either the name of the input table or view or a ta.npath query whose result is the input table. The input table contains the paths to analyze. Each path is a string of alphanumeric symbols that represents an ordered sequence of page views (or actions). Typically each symbol is a code that represents a unique page view. If you specify an ta.npath query, it must select both the column that contains the paths (sequence_column) and the column that contains the number of times a path was traveled (count_column). It must also specify sequence_column in the groupby.columns clause, so that the input table has one row for each unique path traveled on a web site.",
      "description": "Specifies either the name of the input table or view or an nPath query whose result is the input table. The input table contains the paths to analyze. Each path is a string of alphanumeric symbols that represents an ordered sequence of page views (or actions). Typically each symbol is a code that represents a unique page view. If you specify an nPath query, it must select both the column that contains the paths (sequence_column) and the column that contains the number of times a path was traveled (count_column). It must also specify sequence_column in the GROUP BY clause, so that the input table has one row for each unique path traveled on a web site.",
      "datatype": "TABLE_NAME",
      "allowsLists": false,
      "rName": "data",
      "useInR": true,
      "rOrderNum": 1
    }
  ],
  "output_tables": [
    {
      "isOutputTable": true,
      "name": "OutputTable",
      "alternateNames": [],
      "isRequired": true,
      "rDescription": "Specifies the name of the output table.",
      "description": "Specify the name of the output table.",
      "datatype": "TABLE_NAME",
      "allowsLists": false,
      "rName": "output.table",
      "useInR": true,
      "rOrderNum": 100
    }
  ],
  "argument_clauses": [
    {
      "targetTable": [
        "InputTable"
      ],
      "checkDuplicate": true,
      "allowedTypes": [],
      "allowedTypeGroups": [
        "STRING"
      ],
      "requiredLength": 1,
      "matchLengthOfArgument": "",
      "allowPadding": true,
      "name": "SeqColumn",
      "alternateNames": [],
      "isRequired": true,
      "rDescription": "Specifies the name of the input table column that contains the paths.",
      "description": "Specify the name of the input table column that contains the paths.",
      "datatype": "COLUMN_NAMES",
      "allowsLists": false,
      "rName": "seq.column",
      "useInR": true,
      "rOrderNum": 2
    },
    {
      "targetTable": [
        "InputTable"
      ],
      "checkDuplicate": true,
      "allowedTypes": [],
      "allowedTypeGroups": [
        "INTEGER"
      ],
      "requiredLength": 1,
      "matchLengthOfArgument": "",
      "allowPadding": true,
      "name": "CountColumn",
      "alternateNames": [],
      "isRequired": false,
      "rDescription": "Specifies the name of the input table column that contains the number of times a path was traveled.",
      "description": "Specify the name of the input table column that contains the number of times a path was traveled.",
      "datatype": "COLUMN_NAMES",
      "allowsLists": false,
      "rName": "count.column",
      "useInR": true,
      "rOrderNum": 3
    },
    {
      "defaultValue": false,
      "name": "HashCode",
      "alternateNames": [
        "Hash"
      ],
      "isRequired": false,
      "rDescription": "Specifies whether to include the hash code of the output column node. The default value is 'false'.",
      "description": " Specify whether to include the hash code of the output column node. Default: 'false'",
      "datatype": "BOOLEAN",
      "allowsLists": false,
      "rName": "hash",
      "useInR": true,
      "rOrderNum": 4
    },
    {
      "permittedValues": [],
      "defaultValue": ",",
      "isOutputColumn": false,
      "name": "Delimiter",
      "alternateNames": [],
      "isRequired": false,
      "rDescription": "Specifies the single-character delimiter that separates symbols in the path string. The default value is comma (',').Note: Do not use any of the following characters as delimiter (they cause the function to fail): Asterisk (*), Plus (+), Left parenthesis ((), Right parenthesis ()), Single quotation mark ('), Escaped single quotation mark ('), Backslash ('')",
      "description": "Specify the single-character delimiter that separates symbols in the path string. Note: Do not use any of the following characters as delimiter (they cause the function to fail): Asterisk ( * ) Plus ( + ) Left parenthesis ( ( ) Right parenthesis ( ) ) Single quotation mark ( ' ) Escaped single quotation mark ( \\' ) Backslash ( \\ ) Default: ',' (comma)",
      "datatype": "STRING",
      "allowsLists": false,
      "rName": "delimiter",
      "useInR": true,
      "rOrderNum": 5
    },
    {
      "permittedValues": [],
      "isOutputColumn": false,
      "matchLengthOfArgument": "",
      "allowPadding": true,
      "name": "UniqueId",
      "alternateNames": [
        "SequenceInputBy"
      ],
      "isRequired": false,
      "rDescription": "Specifies the LIST_VECTOR of column(s) that uniquely identifies each row of the input argument INPUT_ARG_NAME. The argument is used to ensure deterministic results for functions which produce results that vary from run to run.",
      "description": "Specifies the input column(s) that uniquely identify each row of input table. The format is 'input1:c1' where input1 refers to the alias used by the input table that contains such column named c1.",
      "datatype": "STRING",
      "allowsLists": true,
      "rName": "sequence.column",
      "useInR": true,
      "rOrderNum": 50
    }
  ]
}