{
  "json_schema_major_version": "1",
  "json_schema_minor_version": "2",
  "json_content_version": "1",
  "function_name": "AdaBoost_Predict",
  "function_version": "2.6",
  "function_type": "non-driver",
  "function_alias_name": "AdaBoostPredict",
  "function_r_name": "aa.adaboost.predict",
  "ref_function_r_name": "aa.adaboost.drive",
  "short_description": "Makes classification predictions based on an ensemble of weighted classifiers.",
  "long_description": "This function applies a adaboost model for predicting each of the input test data items.",
  "input_tables": [
    {
      "requiredInputKind": [
        "PartitionByKey"
      ],
      "isOrdered": false,
      "partitionByOne": false,
      "name": "AttributeTable",
      "alternateNames": [],
      "isRequired": true,
      "rDescription": "Specifies the name of the table containing the attribute names and the values of test data",
      "description": "Specifies the name of the table containing the attribute names and the values of test data",
      "datatype": "TABLE_ALIAS",
      "allowsLists": false,
      "rName": "newdata",
      "useInR": true,
      "rOrderNum": 2
    },
    {
      "requiredInputKind": [
        "Dimension"
      ],
      "isOrdered": true,
      "partitionByOne": false,
      "name": "Model",
      "alternateNames": [
        "ModelTable"
      ],
      "isRequired": true,
      "rDescription": "Specifies the name of the table containing the output model from adaboost_drive",
      "description": "Specifies the name of the table containing the output model from adaboost_drive",
      "datatype": "TABLE_ALIAS",
      "allowsLists": false,
      "rName": "object",
      "useInR": true,
      "rOrderNum": 1
    }
  ],
  "argument_clauses": [
    {
      "targetTable": [
        "AttributeTable"
      ],
      "checkDuplicate": true,
      "allowedTypes": [],
      "allowedTypeGroups": [
        "ALL"
      ],
      "requiredLength": 1,
      "matchLengthOfArgument": "",
      "allowPadding": true,
      "name": "AttrTableGroupbyColumns",
      "alternateNames": [],
      "isRequired": true,
      "rDescription": "Specifies the names of the columns on which the attribute table is partitioned.",
      "description": "Specify the names of the columns on which the attribute table is partitioned.",
      "datatype": "COLUMNS",
      "allowsLists": false,
      "rName": "attr.groupby.columns",
      "useInR": true,
      "rOrderNum": 3
    },
    {
      "targetTable": [
        "AttributeTable"
      ],
      "checkDuplicate": true,
      "allowedTypes": [],
      "allowedTypeGroups": [
        "ALL"
      ],
      "matchLengthOfArgument": "",
      "allowPadding": true,
      "name": "AttrTablePidColumns",
      "alternateNames": [],
      "isRequired": true,
      "rDescription": "Specifies the names of the attribute table columns that contain the data point identifiers.",
      "description": "Specify the names of the attribute table columns that contain the data point identifiers.",
      "datatype": "COLUMNS",
      "allowsLists": true,
      "rName": "attr.pid.columns",
      "useInR": true,
      "rOrderNum": 4
    },
    {
      "targetTable": [
        "AttributeTable"
      ],
      "checkDuplicate": true,
      "allowedTypes": [],
      "allowedTypeGroups": [
        "ALL"
      ],
      "requiredLength": 1,
      "matchLengthOfArgument": "",
      "allowPadding": true,
      "name": "AttrTableValColumn",
      "alternateNames": [],
      "isRequired": true,
      "rDescription": "Specifies the name of the attribute table column that contains the data point values.",
      "description": "Specifies the name of the attribute table column that contains the data point values.",
      "datatype": "COLUMNS",
      "allowsLists": false,
      "rName": "attr.val.column",
      "useInR": true,
      "rOrderNum": 5
    },
    {
      "targetTable": [
        "AttributeTable"
      ],
      "checkDuplicate": true,
      "allowedTypes": [],
      "allowedTypeGroups": [
        "ALL"
      ],
      "matchLengthOfArgument": "",
      "allowPadding": true,
      "name": "Accumulate",
      "alternateNames": [],
      "isRequired": false,
      "rDescription": "Specifies the names of input_table columns to copy to the output table.",
      "description": " Specify the names of the input columns to copy to the output table. Note: If you are using this function to create input for ROC, this argument must specify actual_label .",
      "datatype": "COLUMNS",
      "allowsLists": true,
      "rName": "accumulate",
      "useInR": true,
      "rOrderNum": 7
    },
    {
      "defaultValue": false,
      "name": "OutputProb",
      "alternateNames": [
        "OutputResponseProbDist"
      ],
      "isRequired": false,
      "rDescription": "Specifies whether to output probabilities.",
      "description": "Specifies whether to output probabilities.",
      "datatype": "BOOLEAN",
      "allowsLists": false,
      "rName": "output.response.probdist",
      "useInR": true,
      "rOrderNum": 6
    },
    {
      "permittedValues": [],
      "isOutputColumn": false,
      "matchLengthOfArgument": "",
      "allowPadding": true,
      "name": "Responses",
      "alternateNames": [],
      "isRequired": false,
      "rDescription": "Specifies all responses in input table.",
      "description": "[Required with OutputResponseProbDist, disallowed otherwise] Specify the labels for which to output probabilities. To see all labels, use either of the following queries. ResponseTable, response_column , and output_table are from the AdaBoost function call that output the model table for this function. ResponseTable is an input table, response_column is the ResponseColumn argument value, and output_table is the OutputTable argument value. response_column FROM ResponseTable; output_table SAMPLE 1; Default behavior: The function outputs probabilities for all labels.",
      "datatype": "STRING",
      "allowsLists": true,
      "rName": "output.responses",
      "useInR": true,
      "rOrderNum": 8
    },
    {
      "permittedValues": [],
      "isOutputColumn": false,
      "matchLengthOfArgument": "",
      "allowPadding": true,
      "name": "UniqueId",
      "alternateNames": [
        "SequenceInputBy"
      ],
      "isRequired": false,
      "rDescription": "Specifies the LIST_VECTOR of column(s) that uniquely identifies each row of the input argument INPUT_ARG_NAME. The argument is used to ensure deterministic results for functions which produce results that vary from run to run.",
      "description": "Specifies the input column(s) that uniquely identify each row of input table. The format is 'input1:c1' where input1 refers to the alias used by the input table that contains such column named c1.",
      "datatype": "STRING",
      "allowsLists": true,
      "rName": "sequence.column",
      "useInR": true,
      "rOrderNum": 50
    }
  ]
}