{
  "json_schema_major_version": "1",
  "json_schema_minor_version": "2",
  "json_content_version": "1",
  "function_name": "AddOnePlayer",
  "function_version": "1.4",
  "function_type": "non-driver",
  "function_alias_name": "ShapleyAddOnePlayer",
  "function_r_name": "aa.add.one.player",
  "short_description": "This function augment the combination by adding one extra player which is not in the combination yet.",
  "long_description": "This function augment the combination by adding one extra player which is not in the combination yet. It also adds a column for binomial coefficient, which is used in computing partial Shapley values.",
  "input_tables": [
    {
      "requiredInputKind": [
        "PartitionByAny"
      ],
      "isOrdered": false,
      "partitionByOne": false,
      "name": "input",
      "alternateNames": [],
      "isRequired": true,
      "rDescription": "A table output by the GenerateCombination or SortCombination function.",
      "description": "A table output by the GenerateCombination or SortCombination function.",
      "datatype": "TABLE_ALIAS",
      "allowsLists": false,
      "rName": "data",
      "useInR": true,
      "rOrderNum": 1
    }
  ],
  "argument_clauses": [
    {
      "targetTable": [
        "input"
      ],
      "checkDuplicate": true,
      "allowedTypes": [],
      "allowedTypeGroups": [
        "STRING"
      ],
      "requiredLength": 1,
      "matchLengthOfArgument": "",
      "allowPadding": true,
      "name": "CombinationColumn",
      "alternateNames": [],
      "isRequired": true,
      "rDescription": "Specifies the name of the input table column that contains the combinations.",
      "description": "Specify the name of the input table column that contains the combinations.",
      "datatype": "COLUMNS",
      "allowsLists": false,
      "rName": "combination.column",
      "useInR": true,
      "rOrderNum": 2
    },
    {
      "targetTable": [
        "input"
      ],
      "checkDuplicate": true,
      "allowedTypes": [],
      "allowedTypeGroups": [
        "INTEGER"
      ],
      "requiredLength": 1,
      "matchLengthOfArgument": "",
      "allowPadding": true,
      "name": "SizeColumn",
      "alternateNames": [],
      "isRequired": true,
      "rDescription": "Specifies the name of the input table column that contains the size of each combination.",
      "description": "Specify the name of the input table column that contains the size of each combination.",
      "datatype": "COLUMNS",
      "allowsLists": false,
      "rName": "size.column",
      "useInR": true,
      "rOrderNum": 3
    },
    {
      "targetTable": [
        "input"
      ],
      "checkDuplicate": true,
      "allowedTypes": [],
      "allowedTypeGroups": [
        "NUMERIC"
      ],
      "requiredLength": 1,
      "matchLengthOfArgument": "",
      "allowPadding": true,
      "name": "ValueColumn",
      "alternateNames": [],
      "isRequired": true,
      "rDescription": "Specifies the name of the input table column that contains the characteristic value of each combination.",
      "description": "Specify the name of the input table column that contains the characteristic value of each combination.",
      "datatype": "COLUMNS",
      "allowsLists": false,
      "rName": "value.column",
      "useInR": true,
      "rOrderNum": 4
    },
    {
      "lowerBound": 2,
      "upperBound": 2147483647,
      "lowerBoundType": "INCLUSIVE",
      "upperBoundType": "INCLUSIVE",
      "allowNaN": false,
      "name": "NumPlayers",
      "alternateNames": [],
      "isRequired": true,
      "rDescription": "Specifies the number of players in the game, a positive integer.",
      "description": "Specify the number of players in the game, a positive integer.",
      "datatype": "INTEGER",
      "allowsLists": false,
      "rName": "num.players",
      "useInR": true,
      "rOrderNum": 5
    },
    {
      "permittedValues": [
        " ",
        ",",
        ";",
        ":",
        "#",
        "%",
        "&"
      ],
      "defaultValue": " ",
      "isOutputColumn": false,
      "name": "Delimiter",
      "alternateNames": [],
      "isRequired": false,
      "rDescription": "Specifies the character that separates player numbers in combinations\u2014either ' ' (space, the default), '#', '$', '%', or '&'.",
      "description": " Specify the character that separates player numbers in combinations. The value of delimiter must be one of the following: ' ' (space) (Default) ',' (comma) ';' (semicolon) '.' (period) '#' (pound sign) '%' (percent sign) '&' (ampersand)",
      "datatype": "STRING",
      "allowsLists": false,
      "rName": "delimiter",
      "useInR": true,
      "rOrderNum": 6
    },
    {
      "permittedValues": [],
      "isOutputColumn": false,
      "matchLengthOfArgument": "",
      "allowPadding": true,
      "name": "UniqueId",
      "alternateNames": [
        "SequenceInputBy"
      ],
      "isRequired": false,
      "rDescription": "Specifies the LIST_VECTOR of column(s) that uniquely identifies each row of the input argument INPUT_ARG_NAME. The argument is used to ensure deterministic results for functions which produce results that vary from run to run.",
      "description": "Specifies the input column(s) that uniquely identify each row of input table. The format is 'input1:c1' where input1 refers to the alias used by the input table that contains such column named c1.",
      "datatype": "STRING",
      "allowsLists": true,
      "rName": "sequence.column",
      "useInR": true,
      "rOrderNum": 50
    }
  ]
}