{
  "json_schema_major_version": "1",
  "json_schema_minor_version": "2",
  "json_content_version": "1",
  "function_name": "Betweenness",
  "function_version": "1.3",
  "function_type": "graph",
  "function_alias_name": "Betweenness",
  "function_r_name": "aa.betweenness",
  "short_description": "This function computes betweenness score for each specified source vertex.",
  "long_description": "The Betweenness function returns the betweenness score, a centrality measurement, for every vertex (node) in the input graph.",
  "input_tables": [
    {
      "requiredInputKind": [
        "PartitionByKey"
      ],
      "isOrdered": false,
      "partitionByOne": false,
      "name": "vertices",
      "alternateNames": [],
      "isRequired": true,
      "rDescription": "vertex table",
      "description": "vertex table",
      "datatype": "TABLE_ALIAS",
      "allowsLists": false,
      "rName": "vertices.data",
      "useInR": true,
      "rOrderNum": 1
    },
    {
      "requiredInputKind": [
        "PartitionByKey"
      ],
      "isOrdered": false,
      "partitionByOne": false,
      "name": "edges",
      "alternateNames": [],
      "isRequired": true,
      "rDescription": "edge table",
      "description": "edge table",
      "datatype": "TABLE_ALIAS",
      "allowsLists": false,
      "rName": "edges.data",
      "useInR": true,
      "rOrderNum": 2
    },
    {
      "requiredInputKind": [
        "PartitionByKey"
      ],
      "isOrdered": false,
      "partitionByOne": false,
      "name": "sources",
      "alternateNames": [],
      "isRequired": false,
      "rDescription": "source table",
      "description": "source table",
      "datatype": "TABLE_ALIAS",
      "allowsLists": false,
      "rName": "sources.data",
      "useInR": true,
      "rOrderNum": 4
    },
    {
      "requiredInputKind": [
        "PartitionByKey"
      ],
      "isOrdered": false,
      "partitionByOne": false,
      "name": "targets",
      "alternateNames": [],
      "isRequired": false,
      "rDescription": "target table",
      "description": "target table",
      "datatype": "TABLE_ALIAS",
      "allowsLists": false,
      "rName": "targets.data",
      "useInR": true,
      "rOrderNum": 5
    }
  ],
  "argument_clauses": [
    {
      "targetTable": [
        "edges"
      ],
      "checkDuplicate": true,
      "allowedTypes": [],
      "allowedTypeGroups": [
        "ALL"
      ],
      "matchLengthOfArgument": "",
      "allowPadding": true,
      "name": "TargetKey",
      "alternateNames": [],
      "isRequired": true,
      "rDescription": "Specifies the target key (the names of the edges table columns that identify the target vertex). If you specify targets_table, then the function uses only the vertices in targets_table as targets (which must be a subset of those that this argument specifies).",
      "description": "Specify the target key (the names of the edges table columns that identify the target vertex). If you specify targets_table , then the function uses only the vertices in targets_table as targets (which must be a subset of those that this argument specifies).",
      "datatype": "COLUMNS",
      "allowsLists": true,
      "rName": "target.key",
      "useInR": true,
      "rOrderNum": 3
    },
    {
      "targetTable": [
        "vertices"
      ],
      "checkDuplicate": true,
      "allowedTypes": [],
      "allowedTypeGroups": [
        "ALL"
      ],
      "matchLengthOfArgument": "",
      "allowPadding": true,
      "name": "Accumulate",
      "alternateNames": [],
      "isRequired": false,
      "rDescription": "Specifies the names of the vertices table columns to copy to the output table.",
      "description": " Specify the names of the vertices table columns to copy to the output table. These columns enable you to identify the different betweenness scores in the output table.",
      "datatype": "COLUMNS",
      "allowsLists": true,
      "rName": "accumulate",
      "useInR": true,
      "rOrderNum": 11
    },
    {
      "targetTable": [
        "edges"
      ],
      "checkDuplicate": true,
      "allowedTypes": [],
      "allowedTypeGroups": [
        "NUMERIC"
      ],
      "requiredLength": 1,
      "matchLengthOfArgument": "",
      "allowPadding": true,
      "name": "EdgeWeight",
      "alternateNames": [],
      "isRequired": false,
      "rDescription": "Specifies the name of the edges table column that contains edge weights. The weights are positive values. By default, the weight of each edge is 1 (that is, the graph is unweighted).",
      "description": " Specify the name of the edges table column that contains edge weights. The weights are positive values. Default behavior: The weight of each edge is 1 (that is, the graph is unweighted).",
      "datatype": "COLUMNS",
      "allowsLists": false,
      "rName": "weights",
      "useInR": true,
      "rOrderNum": 7
    },
    {
      "defaultValue": 1.0,
      "lowerBound": 0,
      "upperBound": 1,
      "lowerBoundType": "EXCLUSIVE",
      "upperBoundType": "INCLUSIVE",
      "allowNaN": false,
      "name": "SampleRate",
      "alternateNames": [],
      "isRequired": false,
      "rDescription": "Specifies the sample rate (the percentage of source vertices to sample), a DOUBLE PRECISION value in the range (0.0, 1.0]. The number of source vertices that the function uses to generate betweenness is approximately sample_rate *n, where n is the number of vertices in the graph.",
      "description": " Specify the sample rate (the percentage of source vertices to sample), a DOUBLE PRECISION value in the range (0.0, 1.0]. The number of source vertices that the function uses to create betweenness is approximately sample_rate * n , where n is the number of vertices in the graph.",
      "datatype": "DOUBLE",
      "allowsLists": false,
      "rName": "sample.rate",
      "useInR": true,
      "rOrderNum": 10
    },
    {
      "defaultValue": 10,
      "lowerBound": -2147483648,
      "upperBound": 2147483647,
      "lowerBoundType": "INCLUSIVE",
      "upperBoundType": "INCLUSIVE",
      "allowNaN": false,
      "name": "MaxDistance",
      "alternateNames": [],
      "isRequired": false,
      "rDescription": "Specifies the maximum distance (an integer) between the source and target vertices. A negative max_distance specifies an infinite distance. If vertices are separated by more than max_distance, the function does not output them. The default value is 10.",
      "description": " Specify the maximum distance (an integer) between the source and target vertices. A negative max_distance specifies an infinite distance. If vertices are separated by more than max_distance , the function does not output them. Default: 10",
      "datatype": "INTEGER",
      "allowsLists": false,
      "rName": "max.distance",
      "useInR": true,
      "rOrderNum": 8
    },
    {
      "defaultValue": true,
      "name": "Directed",
      "alternateNames": [],
      "isRequired": false,
      "rDescription": "Specifies whether the graph is directed. The default value is 'true'.",
      "description": " Specify whether the graph is directed. Default: 'true'",
      "datatype": "BOOLEAN",
      "allowsLists": false,
      "rName": "directed",
      "useInR": true,
      "rOrderNum": 6
    },
    {
      "lowerBound": 1,
      "upperBound": 9223372036854775807,
      "lowerBoundType": "INCLUSIVE",
      "upperBoundType": "INCLUSIVE",
      "allowNaN": false,
      "name": "GroupSize",
      "alternateNames": [],
      "isRequired": false,
      "rDescription": "Specifies the number of source vertices that execute a SNSP algorithm in parallel. If group_size exceeds the number of source vertices in each partition, s, then s is the group size. By default, the function calculates the optimal group size based on various cluster and query characteristics. Running a group of vertices on each vWorker, in parallel, uses less memory than running all vertices on each vWorker.",
      "description": " Specify the number of source vertices that execute a SNSP algorithm in parallel. If group_size exceeds the number of source vertices in each partition, s , then s is the group size. Default behavior: The function calculates the optimal group size based on various cluster and query characteristics. Running a group of vertices on each vworker, in parallel, uses less memory than running all vertices on each vworker.",
      "datatype": "LONG",
      "allowsLists": false,
      "rName": "group.size",
      "useInR": true,
      "rOrderNum": 9
    },
    {
      "permittedValues": [],
      "isOutputColumn": false,
      "matchLengthOfArgument": "",
      "allowPadding": true,
      "name": "UniqueId",
      "alternateNames": [
        "SequenceInputBy"
      ],
      "isRequired": false,
      "rDescription": "Specifies the LIST_VECTOR of column(s) that uniquely identifies each row of the input argument INPUT_ARG_NAME. The argument is used to ensure deterministic results for functions which produce results that vary from run to run.",
      "description": "Specifies the input column(s) that uniquely identify each row of input table. The format is 'input1:c1' where input1 refers to the alias used by the input table that contains such column named c1.",
      "datatype": "STRING",
      "allowsLists": true,
      "rName": "sequence.column",
      "useInR": true,
      "rOrderNum": 50
    }
  ]
}