{
  "json_schema_major_version": "1",
  "json_schema_minor_version": "2",
  "json_content_version": "1",
  "function_name": "CFilter",
  "function_version": "1.12",
  "function_type": "driver",
  "function_alias_name": "CFilter",
  "function_r_name": "aa.cfilter",
  "short_description": "This function generates combinations of frequent baskets",
  "long_description": "The CFilter function is a general-purpose collaborative filter.",
  "input_tables": [
    {
      "requiredInputKind": [],
      "isOrdered": false,
      "partitionByOne": false,
      "name": "InputTable",
      "alternateNames": [],
      "isRequired": true,
      "rDescription": "Specifies the name of the table that contains the data to filter.",
      "description": "Specifies the name of the table that contains the data to filter.",
      "datatype": "TABLE_NAME",
      "allowsLists": false,
      "rName": "data",
      "useInR": true,
      "rOrderNum": 1
    }
  ],
  "output_tables": [
    {
      "isOutputTable": true,
      "name": "OutputTable",
      "alternateNames": [],
      "isRequired": true,
      "rDescription": "Specifies the name of the output table that the function creates. The table must not exist.",
      "description": "Specify the name of the output table that the function creates. The table must not exist.",
      "datatype": "TABLE_NAME",
      "allowsLists": false,
      "rName": "output.table",
      "useInR": true,
      "rOrderNum": 100
    }
  ],
  "argument_clauses": [
    {
      "targetTable": [
        "InputTable"
      ],
      "checkDuplicate": true,
      "allowedTypes": [],
      "allowedTypeGroups": [
        "STRING"
      ],
      "matchLengthOfArgument": "",
      "allowPadding": true,
      "name": "TargetColumns",
      "alternateNames": [
        "InputColumns"
      ],
      "isRequired": true,
      "rDescription": "Specifies the names of the input table columns that contain the data to filter.",
      "description": "Specify the names of the input table columns that contain the data to filter.",
      "datatype": "COLUMN_NAMES",
      "allowsLists": true,
      "rName": "input.columns",
      "useInR": true,
      "rOrderNum": 2
    },
    {
      "targetTable": [
        "InputTable"
      ],
      "checkDuplicate": true,
      "allowedTypes": [],
      "allowedTypeGroups": [
        "ALL"
      ],
      "matchLengthOfArgument": "",
      "allowPadding": true,
      "name": "JoinColumns",
      "alternateNames": [],
      "isRequired": true,
      "rDescription": "Specifies the names of the input table columns to join.",
      "description": "Specify the names of join columns, which the function uses as follows: The function uses the items in each join column to define groups of items listed in the input columns. The function tries to identify items in each input column that often appear in the same group. For example, a join column might contain a list of sales transactions from a store, and the input column might contain each individual item purchased at the store. A sales transaction can include multiple items. For each sales transaction, the function tries to identify items that often appear in the same sales transaction (that is, items that are often purchased together).",
      "datatype": "COLUMN_NAMES",
      "allowsLists": true,
      "rName": "join.columns",
      "useInR": true,
      "rOrderNum": 3
    },
    {
      "targetTable": [
        "InputTable"
      ],
      "checkDuplicate": true,
      "allowedTypes": [],
      "allowedTypeGroups": [
        "ALL"
      ],
      "matchLengthOfArgument": "",
      "allowPadding": true,
      "name": "PartitionColumns",
      "alternateNames": [
        "AddColumns"
      ],
      "isRequired": false,
      "rDescription": "Specifies the names of the input columns to copy to the output table. The function partitions the input data and the output table on these columns. By default, the function treats the input data as belonging to one partition. Note: Specifying a column as both an add_column and a join_column causes incorrect counts in partitions.",
      "description": " Specify the names of the input columns to copy to the output table. The function partitions the input data and the output table on these columns. Note: Specifying a column as both an partition_column and a join_column causes incorrect counts in partitions. This argument makes the function output nondeterministic unless each partition_column is unique in the group defined by JoinColumns (for more information, see Nondeterministic Results). Default behavior: The function treats the input data as belonging to one partition.",
      "datatype": "COLUMN_NAMES",
      "allowsLists": true,
      "rName": "add.columns",
      "useInR": true,
      "rOrderNum": 4
    },
    {
      "permittedValues": [],
      "defaultValue": "col1_item1",
      "isOutputColumn": false,
      "name": "PartitionKey",
      "alternateNames": [],
      "isRequired": false,
      "rDescription": "Specifies the names of the output column to use as the partition key. The default value is 'col1_item1'.",
      "description": " Specify the name of the output column to use as the partition key. Default: 'col1_item1'",
      "datatype": "STRING",
      "allowsLists": false,
      "rName": " partition.key",
      "useInR": true,
      "rOrderNum": 5
    },
    {
      "defaultValue": 100,
      "lowerBound": 0,
      "upperBound": 2147483647,
      "lowerBoundType": "INCLUSIVE",
      "upperBoundType": "INCLUSIVE",
      "allowNaN": false,
      "name": "MaxDistinctItems",
      "alternateNames": [
        "MaxItemSet"
      ],
      "isRequired": false,
      "rDescription": "Specifies the maximum size of the item set. The default value is 100.",
      "description": " Specify the maximum size of the item set. Default: 100 Note: The function uses max_item_set to determine the size of the data structures it uses to accumulate intermediate results. If the number of distinct items in an target_column is greater than max_item_set , the function might report incorrect results without an error message.",
      "datatype": "INTEGER",
      "allowsLists": false,
      "rName": "max.itemset",
      "useInR": true,
      "rOrderNum": 6
    },
    {
      "permittedValues": [],
      "isOutputColumn": false,
      "matchLengthOfArgument": "",
      "allowPadding": true,
      "name": "UniqueId",
      "alternateNames": [
        "SequenceInputBy"
      ],
      "isRequired": false,
      "rDescription": "Specifies the LIST_VECTOR of column(s) that uniquely identifies each row of the input argument INPUT_ARG_NAME. The argument is used to ensure deterministic results for functions which produce results that vary from run to run.",
      "description": "Specifies the input column(s) that uniquely identify each row of input table. The format is 'input1:c1' where input1 refers to the alias used by the input table that contains such column named c1.",
      "datatype": "STRING",
      "allowsLists": true,
      "rName": "sequence.column",
      "useInR": true,
      "rOrderNum": 50
    }
  ]
}
