{
  "json_schema_major_version": "1",
  "json_schema_minor_version": "2",
  "json_content_version": "1",
  "function_name": "ConfusionMatrix",
  "function_version": "2.7",
  "function_type": "driver",
  "function_alias_name": "ConfusionMatrix",
  "function_r_name": "aa.confusion.matrix",
  "short_description": "Plot a real confusion matrix table",
  "long_description": "The ConfusionMatrix function shows how often a classification algorithm correctly classifies items. The function takes an input table that includes two columns\u2014one containing the observed class of an item and the other containing the class predicted by the algorithm\u2014and outputs three tables: A confusion matrix (also called a contingency table), which shows the performance of the algorithm A table of overall statistics A table of statistics for each class",
  "input_tables": [
    {
      "requiredInputKind": [
        "PartitionByKey"
      ],
      "isOrdered": false,
      "partitionByOne": true,
      "name": "input",
      "alternateNames": [],
      "isRequired": true,
      "rDescription": "The input table of ConfusionMatrix function",
      "description": "The input table of ConfusionMatrix function",
      "datatype": "TABLE_ALIAS",
      "allowsLists": false,
      "rName": "data",
      "useInR": true,
      "rOrderNum": 1
    }
  ],
  "output_tables": [
    {
      "isOutputTable": true,
      "name": "CountTable",
      "alternateNames": [],
      "isRequired": false,
      "rDescription": "Specifies the contingency table",
      "description": "Specify the name of the confusion matrix, an output table.",
      "datatype": "TABLE_NAME",
      "allowsLists": false,
      "rName": "counttable",
      "useInR": true,
      "rOrderNum": 5
    },
    {
      "isOutputTable": true,
      "name": "StatTable",
      "alternateNames": [],
      "isRequired": false,
      "rDescription": "Specifies the statistics table",
      "description": "Specify the name of the output table of overall statistics.",
      "datatype": "TABLE_NAME",
      "allowsLists": false,
      "rName": "stattable",
      "useInR": true,
      "rOrderNum": 6
    },
    {
      "isOutputTable": true,
      "name": "AccuracyTable",
      "alternateNames": [],
      "isRequired": false,
      "rDescription": "Specifies the accuracy table",
      "description": "Specify the name of the output table of statistics for each class.",
      "datatype": "TABLE_NAME",
      "allowsLists": false,
      "rName": "accuracytable",
      "useInR": true,
      "rOrderNum": 7
    }
  ],
  "argument_clauses": [
    {
      "targetTable": [
        "input"
      ],
      "checkDuplicate": true,
      "allowedTypes": [],
      "allowedTypeGroups": [
        "ALL"
      ],
      "requiredLength": 1,
      "matchLengthOfArgument": "",
      "allowPadding": true,
      "name": "ObservationColumn",
      "alternateNames": [
        "ObsColumn"
      ],
      "isRequired": true,
      "rDescription": "Specifies the name of the input column that contains the observed class.",
      "description": "Specify the name of the input column that contains the observed class.",
      "datatype": "COLUMNS",
      "allowsLists": false,
      "rName": "reference",
      "useInR": true,
      "rOrderNum": 2
    },
    {
      "targetTable": [
        "input"
      ],
      "checkDuplicate": true,
      "allowedTypes": [],
      "allowedTypeGroups": [
        "ALL"
      ],
      "requiredLength": 1,
      "matchLengthOfArgument": "",
      "allowPadding": true,
      "name": "PredictColumn",
      "alternateNames": [],
      "isRequired": true,
      "rDescription": "Specifies the name of the input column that contains the predicted class.",
      "description": "Specify the name of the input column that contains the predicted class.",
      "datatype": "COLUMNS",
      "allowsLists": false,
      "rName": "prediction",
      "useInR": true,
      "rOrderNum": 3
    },
    {
      "permittedValues": [],
      "isOutputColumn": false,
      "matchLengthOfArgument": "",
      "allowPadding": true,
      "name": "classes",
      "alternateNames": [],
      "isRequired": false,
      "rDescription": "Specifies the classes to output in output_table.",
      "description": " Specify the classes to output in accuracy_table . Default: All classes",
      "datatype": "STRING",
      "allowsLists": true,
      "rName": "classes",
      "useInR": true,
      "rOrderNum": 8
    },
    {
      "lowerBound": 0.0,
      "upperBound": 1.0,
      "lowerBoundType": "EXCLUSIVE",
      "upperBoundType": "EXCLUSIVE",
      "allowNaN": false,
      "matchLengthOfArgument": "",
      "allowPadding": true,
      "name": "Prevalence",
      "alternateNames": [],
      "isRequired": false,
      "rDescription": "Specifies the prevalences for the classes to output in output_table_3. Therefore, if you specify prevalence, then you must also specify classes, and for every class, you must specify a prevalence",
      "description": " Specify the prevalences for the classes to output in accuracy_table . Therefore, if you specify Prevalence, you must also specify Classes, and for every class , you must specify a prevalence . Each prevalence is a numeric value.",
      "datatype": "DOUBLE",
      "allowsLists": true,
      "rName": "prevalence",
      "useInR": true,
      "rOrderNum": 9
    },
    {
      "permittedValues": [],
      "isOutputColumn": false,
      "matchLengthOfArgument": "",
      "allowPadding": true,
      "name": "UniqueId",
      "alternateNames": [
        "SequenceInputBy"
      ],
      "isRequired": false,
      "rDescription": "Specifies the LIST_VECTOR of column(s) that uniquely identifies each row of the input argument INPUT_ARG_NAME. The argument is used to ensure deterministic results for functions which produce results that vary from run to run.",
      "description": "Specifies the input column(s) that uniquely identify each row of input table. The format is 'input1:c1' where input1 refers to the alias used by the input table that contains such column named c1.",
      "datatype": "STRING",
      "allowsLists": true,
      "rName": "sequence.column",
      "useInR": true,
      "rOrderNum": 50
    }
  ]
}