{
  "json_schema_major_version": "1",
  "json_schema_minor_version": "2",
  "json_content_version": "1",
  "function_name": "Corr_Reduce",
  "function_version": "1.9",
  "function_type": "non-driver",
  "function_alias_name": "CorrelationReduce",
  "function_r_name": "aa.cor",
  "short_description": "This Function calculates the correlation.",
  "long_description": "This function is used as part of the correlation. corr_reduce is not intended to be used separetly, it is always used with corr_map.",
  "function_operation": "reduce",
  "input_tables": [
    {
      "requiredInputKind": [
        "PartitionByKey"
      ],
      "isOrdered": false,
      "partitionByOne": false,
      "name": "input",
      "alternateNames": [],
      "isRequired": false,
      "rDescription": "The input table that is the output of corr_map. ",
      "description": "The input table that is the output of corr_map. ",
      "datatype": "TABLE_ALIAS",
      "allowsLists": false,
      "rName": "data",
      "useInR": true,
      "rOrderNum": 0
    }
  ]
}