{
  "json_schema_major_version": "1",
  "json_schema_minor_version": "0",
  "json_content_version": "1",
  "function_name": "DecisionTreePredict",
  "function_version": "1.0",
  "function_alias_name": "DecisionTreePredict",
  "function_type": "fastpath",
  "function_r_name": "aa.decision.tree.predict",
  "ref_function_r_name": "aa.single.tree.drive",
  "short_description": "Makes classification predictions based on a single decision tree model.",
  "long_description": "This function applies a single decision tree model for predicting each of the input test data items.",
  "input_tables": [
    {
      "requiredInputKind": [
        "PartitionByKey"
      ],
      "isOrdered": false,
      "partitionByOne": false,
      "name": "AttributeTable",
      "alternateNames": ["Attribute_Table"],
      "isRequired": true,
      "rDescription": "Specifies the name of the table containing the attribute names and the values",
      "description": "Specifies the name of the table containing the attribute names and the values",
      "datatype": "TABLE_ALIAS",
      "allowsLists": false,
      "rName": "newdata",
      "useInR": true,
      "rOrderNum": 2
    },
    {
      "requiredInputKind": [
        "Dimension"
      ],
      "isOrdered": false,
      "partitionByOne": false,
      "name": "Model",
      "alternateNames": ["Model_Table"],
      "isRequired": true,
      "rDescription": "Specifies the name of the table containing the output model from single_tree_drive",
      "description": "Specifies the name of the table containing the output model from single_tree_drive",
      "datatype": "TABLE_ALIAS",
      "allowsLists": false,
      "rName": "object",
      "useInR": true,
      "rOrderNum": 1
    }
  ],
  "argument_clauses": [
    {
      "targetTable": [
        "AttributeTable"
      ],
      "checkDuplicate": true,
      "allowedTypes": [],
      "allowedTypeGroups": [
        "ALL"
      ],
      "matchLengthOfArgument": "",
      "allowPadding": false,
      "name": "AttrTableGroupbyColumns",
      "alternateNames": [],
      "isRequired": true,
      "rDescription": "Specifies the names of the columns on which attribute_table is partitioned. Each partition contains one attribute of the input data.",
      "description": "Specifies the names of the columns on which attribute_table is partitioned. Each partition contains one attribute of the input data.",
      "datatype": "COLUMNS",
      "allowsLists": true,
      "rName": "attr.table.groupby.columns",
      "useInR": true,
      "rOrderNum": 3
    },
    {
      "targetTable": [
        "AttributeTable"
      ],
      "checkDuplicate": true,
      "allowedTypes": [],
      "allowedTypeGroups": [
        "ALL"
      ],
      "matchLengthOfArgument": "",
      "allowPadding": false,
      "name": "AttrTablePidColumns",
      "alternateNames": [],
      "isRequired": true,
      "rDescription": "Specifies the names of the columns that define the data point identifiers. ",
      "description": "Specifies the names of the columns that define the data point identifiers. ",
      "datatype": "COLUMNS",
      "allowsLists": true,
      "rName": "attr.table.pid.columns",
      "useInR": true,
      "rOrderNum": 4
    },
    {
      "targetTable": [
        "AttributeTable"
      ],
      "checkDuplicate": true,
      "allowedTypes": [],
      "allowedTypeGroups": [
        "ALL"
      ],
      "requiredLength": 1,
      "matchLengthOfArgument": "",
      "allowPadding": false,
      "name": "AttrTableValColumn",
      "alternateNames": [],
      "isRequired": true,
      "rDescription": " Specifies the name of the column that contains the input values.",
      "description": " Specifies the name of the column that contains the input values.",
      "datatype": "COLUMNS",
      "allowsLists": false,
      "rName": "attr.table.val.column",
      "useInR": true,
      "rOrderNum": 5
    },
    {
      "targetTable": [
        "AttributeTable"
      ],
      "checkDuplicate": true,
      "allowedTypes": [],
      "allowedTypeGroups": [
        "ALL"
      ],
      "matchLengthOfArgument": "",
      "allowPadding": false,
      "name": "Accumulate",
      "alternateNames": ["AccumulateLabel"],
      "isRequired": false,
      "rDescription": "Specifies the names of input_table columns to copy to the output table.",
      "description": "Specifies the names of input_table columns to copy to the output table.",
      "datatype": "COLUMNS",
      "allowsLists": true,
      "rName": "accumulate",
      "useInR": true,
      "rOrderNum": 7
    },
    {
      "defaultValue": false,
      "name": "OutputResponseProbDist",
      "alternateNames": [],
      "isRequired": false,
      "rDescription": "Specifies whether to output probabilities.",
      "description": "Specifies whether to output probabilities.",
      "datatype": "BOOLEAN",
      "allowsLists": false,
      "rName": "output.response.probdist",
      "useInR": true,
      "rOrderNum": 6
    },
    {
      "permittedValues": [],
      "isOutputColumn": false,
      "matchLengthOfArgument": "",
      "allowPadding": false,
      "name": "Responses",
      "alternateNames": [],
      "isRequired": false,
      "rDescription": "Specifies all responses in input table.",
      "description": "Specifies all responses in input table.",
      "datatype": "STRING",
      "allowsLists": true,
      "rName": "output.responses",
      "useInR": true,
      "rOrderNum": 8
    }
  ]
}
