{
  "json_schema_major_version": "1",
  "json_schema_minor_version": "2",
  "json_content_version": "1",
  "function_name": "DenseSVMModelPrinter",
  "function_version": "1.5",
  "function_type": "non-driver",
  "function_alias_name": "SVMDenseSummary",
  "function_r_name": "aa.svm.dense.modelprinter",
  "ref_function_r_name": "aa.svm.dense.train",
  "short_description": "This function converts the binary weight vector into (attributeid,weight) pairs. ",
  "long_description": "This function reads a linear/non-linear SVM model from model table, then convert  the model to a format of (attributeid, weight) pairs, where weight is the measurement of the attribute in each one of the classes.",
  "input_tables": [
    {
      "requiredInputKind": [
        "PartitionByKey"
      ],
      "isOrdered": false,
      "partitionByOne": true,
      "name": "InputTable",
      "alternateNames": [
        "input"
      ],
      "isRequired": true,
      "rDescription": "It should be the training dataset, otherwise the result may be incomplete.",
      "description": "It should be the training dataset, otherwise the result may be incomplete.",
      "datatype": "TABLE_ALIAS",
      "allowsLists": false,
      "rName": "data",
      "useInR": true,
      "rOrderNum": 2
    },
    {
      "requiredInputKind": [
        "Dimension"
      ],
      "isOrdered": false,
      "partitionByOne": false,
      "name": "model",
      "alternateNames": [],
      "isRequired": true,
      "rDescription": "The model table generated by SparseSVMTrainer.",
      "description": "The model table generated by SparseSVMTrainer.",
      "datatype": "TABLE_ALIAS",
      "allowsLists": false,
      "rName": "object",
      "useInR": true,
      "rOrderNum": 1
    }
  ],
  "argument_clauses": [
    {
      "targetTable": [
        "input"
      ],
      "checkDuplicate": true,
      "allowedTypes": [],
      "allowedTypeGroups": [
        "NUMERIC"
      ],
      "matchLengthOfArgument": "",
      "allowPadding": true,
      "name": "TargetColumns",
      "alternateNames": [
        "AttributeColumns"
      ],
      "isRequired": true,
      "rDescription": "Input table columns that contain the attributes of the test samples. Attribute columns must be numeric (int, real, bigint, smallint, or float).",
      "description": "Input table columns that contain the attributes of the test samples. Attribute columns must be numeric (int, real, bigint, smallint, or float).",
      "datatype": "COLUMNS",
      "allowsLists": true,
      "rName": "attribute.columns",
      "useInR": true,
      "rOrderNum": 3
    },
    {
      "defaultValue": false,
      "name": "OutputSummary",
      "alternateNames": [
        "Summary"
      ],
      "isRequired": false,
      "rDescription": " If true, the output contains only summary information of the model. If false, the output contains the weight of each attribute in the model. The default value is false.",
      "description": " Specify whether the function outputs only a summary of the model. Default: 'false' (The function outputs a table that contains the weight of each attribute in the model.)",
      "datatype": "BOOLEAN",
      "allowsLists": false,
      "rName": "summary",
      "useInR": true,
      "rOrderNum": 4
    },
    {
      "permittedValues": [],
      "isOutputColumn": false,
      "matchLengthOfArgument": "",
      "allowPadding": true,
      "name": "UniqueId",
      "alternateNames": [
        "SequenceInputBy"
      ],
      "isRequired": false,
      "rDescription": "Specifies the LIST_VECTOR of column(s) that uniquely identifies each row of the input argument INPUT_ARG_NAME. The argument is used to ensure deterministic results for functions which produce results that vary from run to run.",
      "description": "Specifies the input column(s) that uniquely identify each row of input table. The format is 'input1:c1' where input1 refers to the alias used by the input table that contains such column named c1.",
      "datatype": "STRING",
      "allowsLists": true,
      "rName": "sequence.column",
      "useInR": true,
      "rOrderNum": 50
    }
  ]
}