{
  "json_schema_major_version": "1",
  "json_schema_minor_version": "2",
  "json_content_version": "1",
  "function_name": "DistnmatchReduce",
  "function_version": "1.6",
  "function_type": "non-driver",
  "function_alias_name": "DistributionMatchReduce",
  "ref_function_r_name": "aa.distnmatch",
  "short_description": "This function tests the hypothesis that thesample is drawn from the reference distribution.",
  "long_description": "This function tests the hypothesis that the sample is drawn from the reference distribution. It carries out up to four tests simultaneously: Anderson-Darling test, Kolmogorov-Smirnov test, Cramer-von Mises criterion, and Pearson's Chi-squared test. It gathers the intermediate results from the map function and computes the final statistics and p-values.",
  "function_operation": "reduce",
  "input_tables": [
    {
      "requiredInputKind": [
        "PartitionByKey"
      ],
      "isOrdered": false,
      "partitionByOne": false,
      "name": "input",
      "alternateNames": [],
      "isRequired": true,
      "rDescription": "The table is the output DistnmatchMultipleinput",
      "description": "The table is the output DistnmatchMultipleinput",
      "datatype": "TABLE_ALIAS",
      "allowsLists": false,
      "rName": "data",
      "useInR": true,
      "rOrderNum": 0
    }
  ],
  "argument_clauses": [
    {
      "defaultValue": 1,
      "lowerBound": 0,
      "upperBound": 2147483647,
      "lowerBoundType": "EXCLUSIVE",
      "upperBoundType": "INCLUSIVE",
      "allowNaN": false,
      "name": "NumTopMatches",
      "alternateNames": [
        "Top"
      ],
      "isRequired": false,
      "rDescription": "Specifies the number of the top matching distributions you want the function to output. Default value is 1",
      "description": "Specifies the number of the top matching distributions you want the function to output. Default value is 1",
      "datatype": "INTEGER",
      "allowsLists": false,
      "rName": "top",
      "useInR": true,
      "rOrderNum": 0
    },
    {
      "permittedValues": [],
      "isOutputColumn": false,
      "matchLengthOfArgument": "",
      "allowPadding": true,
      "name": "UniqueId",
      "alternateNames": [
        "SequenceInputBy"
      ],
      "isRequired": false,
      "rDescription": "Specifies the LIST_VECTOR of column(s) that uniquely identifies each row of the input argument INPUT_ARG_NAME. The argument is used to ensure deterministic results for functions which produce results that vary from run to run.",
      "description": "Specifies the input column(s) that uniquely identify each row of input table. The format is 'input1:c1' where input1 refers to the alias used by the input table that contains such column named c1.",
      "datatype": "STRING",
      "allowsLists": true,
      "rName": "sequence.column",
      "useInR": true,
      "rOrderNum": 50
    }
  ]
}