{
  "json_schema_major_version": "1",
  "json_schema_minor_version": "2",
  "json_content_version": "1",
  "function_name": "EvaluateNamedEntityFinderPartition",
  "function_version": "1.3",
  "function_type": "non-driver",
  "function_alias_name": "NamedEntityFinderEvaluatorReduce",
  "ref_function_r_name": "aa.namedentity.finder.evaluate",
  "short_description": "Implements the name finder row evaluation SQL/MR function.",
  "long_description": "Implements the name finder row evaluation SQL/MR function.",
  "function_operation": "reduce",
  "input_tables": [
    {
      "requiredInputKind": [
        "PartitionByKey"
      ],
      "isOrdered": false,
      "partitionByOne": true,
      "name": "input",
      "alternateNames": [],
      "isRequired": true,
      "rDescription": "The input table should contain a text column which contains input text.",
      "description": "The input table should contain a text column which contains input text.",
      "datatype": "TABLE_ALIAS",
      "allowsLists": false,
      "rName": "data",
      "useInR": true,
      "rOrderNum": 0
    }
  ]
}