{
  "json_schema_major_version": "1",
  "json_schema_minor_version": "2",
  "json_content_version": "1",
  "function_name": "FellegiSunterTrainer",
  "function_version": "1.6",
  "function_type": "driver",
  "function_alias_name": "FellegiSunter",
  "function_r_name": "aa.fellegi.sunter.train",
  "short_description": "SQL/MR function to train a Fellegi-Sunter model",
  "long_description": "SQL/MR function to train a Fellegi-Sunter model",
  "input_tables": [
    {
      "requiredInputKind": [],
      "isOrdered": false,
      "partitionByOne": false,
      "name": "InputTable",
      "alternateNames": [],
      "isRequired": true,
      "rDescription": "Specifies the name of the table that contains the object pairs and their field-pair similarity values",
      "description": "Specifies the name of the table that contains the object pairs and their field-pair similarity values",
      "datatype": "TABLE_NAME",
      "allowsLists": false,
      "rName": "data",
      "useInR": true,
      "rOrderNum": 1
    }
  ],
  "argument_clauses": [
    {
      "targetTable": [
        "InputTable"
      ],
      "checkDuplicate": true,
      "allowedTypes": [],
      "allowedTypeGroups": [
        "ALL"
      ],
      "requiredLength": 1,
      "matchLengthOfArgument": "",
      "allowPadding": true,
      "name": "TagColumn",
      "alternateNames": [],
      "isRequired": false,
      "rDescription": "If you specify this argument, then the function uses supervised learning; if you omit it, then the function uses unsupervised learning. This argument specifies the name of the column that indicates whether two objects match. The column must contain only the values 'M' (matched) and 'U' (unmatched).",
      "description": " If you specify this argument, the function uses supervised learning; if you omit it, the function uses unsupervised learning. This argument specifies the name of the column that indicates whether two objects match. The column must contain only the values 'M' (matched) and 'U' (unmatched).",
      "datatype": "COLUMN_NAMES",
      "allowsLists": false,
      "rName": "tag.column",
      "useInR": true,
      "rOrderNum": 3
    },
    {
      "permittedValues": [],
      "isOutputColumn": false,
      "matchLengthOfArgument": "",
      "allowPadding": true,
      "name": "ComparisonFields",
      "alternateNames": [],
      "isRequired": true,
      "rDescription": "Specifies the columns of input_table to use in the field-pair similarity in the training process. If the value in the column is less than threshold_value, then the field pair does not agree; otherwise, the field pair agrees. The default value of threshold_value is 1.",
      "description": "Specify the columns of input_table to use in the field-pair similarity in the training process. If the value in the column is less than threshold_value , the field pair does not agree; otherwise, the field pair agrees. Default behavior: The threshold_value of each field is 1.",
      "datatype": "STRING",
      "allowsLists": true,
      "rName": "comparison.fields",
      "useInR": true,
      "rOrderNum": 2
    },
    {
      "defaultValue": 0.9,
      "lowerBound": 0,
      "upperBound": 1,
      "lowerBoundType": "EXCLUSIVE",
      "upperBoundType": "EXCLUSIVE",
      "allowNaN": false,
      "name": "InitialM",
      "alternateNames": [],
      "isRequired": false,
      "rDescription": "For unsupervised learning, this argument specifies the initial value of m, which is the probability that a field agrees, given that the object-pair belongs to the same object. The default value is 0.9. For supervised learning, the function ignores this argument.",
      "description": " For unsupervised learning, this argument specifies the initial value of m, which is the probability that a field agrees, given that the object-pair belongs to the same object. For supervised learning, the function ignores this argument. Default: 0.9",
      "datatype": "DOUBLE",
      "allowsLists": false,
      "rName": "initial.m",
      "useInR": true,
      "rOrderNum": 4
    },
    {
      "defaultValue": 0.1,
      "lowerBound": 0,
      "upperBound": 1,
      "lowerBoundType": "EXCLUSIVE",
      "upperBoundType": "EXCLUSIVE",
      "allowNaN": false,
      "name": "InitialU",
      "alternateNames": [],
      "isRequired": false,
      "rDescription": "For unsupervised learning, this argument specifies the initial value of u, which is the probability that a field agrees, given that the object-pair belongs to a different object. The default value is 0.1. For supervised learning, the function ignores this argument.",
      "description": " For unsupervised learning, this argument specifies the initial value of u, which is the probability that a field agrees, given that the object-pair belongs to a different object. For supervised learning, the function ignores this argument. Default: 0.1",
      "datatype": "DOUBLE",
      "allowsLists": false,
      "rName": "initial.u",
      "useInR": true,
      "rOrderNum": 5
    },
    {
      "defaultValue": 0.1,
      "lowerBound": 0,
      "upperBound": 1,
      "lowerBoundType": "EXCLUSIVE",
      "upperBoundType": "EXCLUSIVE",
      "allowNaN": false,
      "name": "InitialP",
      "alternateNames": [],
      "isRequired": false,
      "rDescription": "For unsupervised learning, this argument specifies the initial value of p, which is the percentage of all possible object-pairs that contain the same object. The default value is 0.1. For supervised learning, the function ignores this argument.",
      "description": " For unsupervised learning, this argument specifies the initial value of p, which is the percentage of all possible object-pairs that contain the same object. For supervised learning, the function ignores this argument. Default: 0.1",
      "datatype": "DOUBLE",
      "allowsLists": false,
      "rName": "initial.p",
      "useInR": true,
      "rOrderNum": 6
    },
    {
      "defaultValue": 100,
      "lowerBound": 10,
      "upperBound": 2147483647,
      "lowerBoundType": "INCLUSIVE",
      "upperBoundType": "INCLUSIVE",
      "allowNaN": false,
      "name": "MaxIterNum",
      "alternateNames": [
        "MaxIteration"
      ],
      "isRequired": false,
      "rDescription": "For unsupervised learning, this argument specifies the maximum number of iterations. The default value is 100. For supervised learning, the function ignores this argument.",
      "description": "For unsupervised learning, this argument specifies the maximum number of iterations. The default value is 100. For supervised learning, the function ignores this argument.",
      "datatype": "INTEGER",
      "allowsLists": false,
      "rName": "max.iteration",
      "useInR": true,
      "rOrderNum": 7
    },
    {
      "defaultValue": 1e-05,
      "lowerBound": 0,
      "upperBound": Infinity,
      "lowerBoundType": "EXCLUSIVE",
      "upperBoundType": "INCLUSIVE",
      "allowNaN": false,
      "name": "Eta",
      "alternateNames": [],
      "isRequired": false,
      "rDescription": "For unsupervised learning, this argument specifies the tolerance of the termination criterion. At the end of each iteration, the function computes the difference between the current value of p and the value of p at the end of the previous iteration. If the difference is less than eta_value, then the function terminates.The default value is 0.0001.",
      "description": " For unsupervised learning, this argument specifies the tolerance of the termination criterion. At the end of each iteration, the function computes the difference between the current value of p and the value of p at the end of the previous iteration. If the difference is less than eta_value , the function terminates. Default: 1*10 -5",
      "datatype": "DOUBLE",
      "allowsLists": false,
      "rName": "eta",
      "useInR": true,
      "rOrderNum": 8
    },
    {
      "defaultValue": 0.9,
      "lowerBound": 0,
      "upperBound": Infinity,
      "lowerBoundType": "EXCLUSIVE",
      "upperBoundType": "INCLUSIVE",
      "allowNaN": false,
      "name": "Mu",
      "alternateNames": [],
      "isRequired": false,
      "rDescription": "Specifies the Type II (false positive) error, which occurs if a matched comparison is erroneously not linked. The default value is 0.9.",
      "description": " Specify the Type II (false positive) error, which occurs if a matched comparison is erroneously not linked. Default: 0.9",
      "datatype": "DOUBLE",
      "allowsLists": false,
      "rName": "mu",
      "useInR": true,
      "rOrderNum": 10
    },
    {
      "defaultValue": 0.9,
      "lowerBound": 0,
      "upperBound": Infinity,
      "lowerBoundType": "EXCLUSIVE",
      "upperBoundType": "INCLUSIVE",
      "allowNaN": false,
      "name": "Lambda",
      "alternateNames": [],
      "isRequired": false,
      "rDescription": " Specifies the Type I (false negative) error, which occurs if an unmatched comparison is erroneously linked. The default value is 0.9.",
      "description": " Specify the Type I (false negative) error, which occurs if an unmatched comparison is erroneously linked. Default: 0.9",
      "datatype": "DOUBLE",
      "allowsLists": false,
      "rName": "lambda",
      "useInR": true,
      "rOrderNum": 9
    },
    {
      "permittedValues": [],
      "isOutputColumn": false,
      "matchLengthOfArgument": "",
      "allowPadding": true,
      "name": "UniqueId",
      "alternateNames": [
        "SequenceInputBy"
      ],
      "isRequired": false,
      "rDescription": "Specifies the LIST_VECTOR of column(s) that uniquely identifies each row of the input argument INPUT_ARG_NAME. The argument is used to ensure deterministic results for functions which produce results that vary from run to run.",
      "description": "Specifies the input column(s) that uniquely identify each row of input table. The format is 'input1:c1' where input1 refers to the alias used by the input table that contains such column named c1.",
      "datatype": "STRING",
      "allowsLists": true,
      "rName": "sequence.column",
      "useInR": true,
      "rOrderNum": 50
    }
  ]
}