{
  "json_schema_major_version": "1",
  "json_schema_minor_version": "2",
  "json_content_version": "1",
  "function_name": "FMeasure",
  "function_version": "1.6",
  "function_type": "non-driver",
  "function_alias_name": "FMeasure",
  "function_r_name": "aa.fmeasure",
  "short_description": "Compute the F measure.",
  "long_description": "The FMeasure function calculates the accuracy of a test (usually the output of a classifier).",
  "input_tables": [
    {
      "requiredInputKind": [
        "PartitionByKey"
      ],
      "isOrdered": false,
      "partitionByOne": true,
      "name": "input",
      "alternateNames": [],
      "isRequired": true,
      "rDescription": "The relation that contains the output of a classifier",
      "description": "The relation that contains the output of a classifier",
      "datatype": "TABLE_ALIAS",
      "allowsLists": false,
      "rName": "data",
      "useInR": true,
      "rOrderNum": 1
    }
  ],
  "argument_clauses": [
    {
      "targetTable": [
        "input"
      ],
      "checkDuplicate": true,
      "allowedTypes": [],
      "allowedTypeGroups": [
        "ALL"
      ],
      "requiredLength": 1,
      "matchLengthOfArgument": "",
      "allowPadding": true,
      "name": "ObservationColumn",
      "alternateNames": [
        "ObsColumn"
      ],
      "isRequired": true,
      "rDescription": "Specifies the name of the input table column that contains the observed class.",
      "description": "Specifies the name of the input table column that contains the observed class.",
      "datatype": "COLUMNS",
      "allowsLists": false,
      "rName": "obs.column",
      "useInR": true,
      "rOrderNum": 2
    },
    {
      "targetTable": [
        "input"
      ],
      "checkDuplicate": true,
      "allowedTypes": [],
      "allowedTypeGroups": [
        "ALL"
      ],
      "requiredLength": 1,
      "matchLengthOfArgument": "",
      "allowPadding": true,
      "name": "PredictColumn",
      "alternateNames": [],
      "isRequired": true,
      "rDescription": "Specifies the name of the input table column that contains the predicted class.",
      "description": "Specify the name of the input table column that contains the predicted class.",
      "datatype": "COLUMNS",
      "allowsLists": false,
      "rName": "predict.column",
      "useInR": true,
      "rOrderNum": 3
    },
    {
      "defaultValue": 1.0,
      "lowerBound": 0.0,
      "upperBound": Infinity,
      "lowerBoundType": "EXCLUSIVE",
      "upperBoundType": "INCLUSIVE",
      "allowNaN": false,
      "name": "Beta",
      "alternateNames": [],
      "isRequired": false,
      "rDescription": "Specifies the value of \u03b2 in the general formula in \u201cBackground\u201d. The beta_value must be a positive DOUBLE PRECISION value. The default value is 1.0.",
      "description": " Specify the value of \u03b2 in the F-measure formula that the function implements. The beta_value must be a positive DOUBLE PRECISION value. Default: 1.0",
      "datatype": "DOUBLE",
      "allowsLists": false,
      "rName": "beta",
      "useInR": true,
      "rOrderNum": 5
    },
    {
      "permittedValues": [],
      "isOutputColumn": false,
      "matchLengthOfArgument": "",
      "allowPadding": true,
      "name": "classes",
      "alternateNames": [],
      "isRequired": false,
      "rDescription": "Specifies the class or classes to output in the result. The default is all classes.",
      "description": " Specify the class or classes to output in the result. Default: All classes",
      "datatype": "STRING",
      "allowsLists": true,
      "rName": "classes",
      "useInR": true,
      "rOrderNum": 4
    },
    {
      "permittedValues": [],
      "isOutputColumn": false,
      "matchLengthOfArgument": "",
      "allowPadding": true,
      "name": "UniqueId",
      "alternateNames": [
        "SequenceInputBy"
      ],
      "isRequired": false,
      "rDescription": "Specifies the LIST_VECTOR of column(s) that uniquely identifies each row of the input argument INPUT_ARG_NAME. The argument is used to ensure deterministic results for functions which produce results that vary from run to run.",
      "description": "Specifies the input column(s) that uniquely identify each row of input table. The format is 'input1:c1' where input1 refers to the alias used by the input table that contains such column named c1.",
      "datatype": "STRING",
      "allowsLists": true,
      "rName": "sequence.column",
      "useInR": true,
      "rOrderNum": 50
    }
  ]
}