{
  "json_schema_major_version": "1",
  "json_schema_minor_version": "2",
  "json_content_version": "1",
  "function_name": "Forest_Analyze",
  "function_version": "1.6",
  "function_type": "non-driver",
  "function_alias_name": "DecisionForestEvaluator",
  "function_r_name": "aa.forest.evaluate",
  "ref_function_r_name": "aa.forest",
  "short_description": "This function examines a decision forest model.",
  "long_description": "This function analyze the model from random forest and outputs a list of which variables are used at which levels in each of the decision trees in the model along with the variable importance.",
  "input_tables": [
    {
      "requiredInputKind": [
        "PartitionByAny"
      ],
      "isOrdered": false,
      "partitionByOne": false,
      "name": "input",
      "alternateNames": [],
      "isRequired": true,
      "rDescription": "Specifies the table containing the model data from forest.drive.",
      "description": "Specifies the table containing the model data from forest_drive.",
      "datatype": "TABLE_ALIAS",
      "allowsLists": false,
      "rName": "object",
      "useInR": true,
      "rOrderNum": 1
    }
  ],
  "argument_clauses": [
    {
      "defaultValue": 5,
      "lowerBound": 0,
      "upperBound": 2147483647,
      "lowerBoundType": "EXCLUSIVE",
      "upperBoundType": "INCLUSIVE",
      "allowNaN": false,
      "name": "NumLevels",
      "alternateNames": [],
      "isRequired": false,
      "rDescription": "Specifies number of levels to analyze and the default value is 5.",
      "description": " Specify the number of levels to analyze. Default: 5",
      "datatype": "INTEGER",
      "allowsLists": false,
      "rName": "num.levels",
      "useInR": true,
      "rOrderNum": 2
    },
    {
      "permittedValues": [],
      "isOutputColumn": false,
      "matchLengthOfArgument": "",
      "allowPadding": true,
      "name": "UniqueId",
      "alternateNames": [
        "SequenceInputBy"
      ],
      "isRequired": false,
      "rDescription": "Specifies the LIST_VECTOR of column(s) that uniquely identifies each row of the input argument INPUT_ARG_NAME. The argument is used to ensure deterministic results for functions which produce results that vary from run to run.",
      "description": "Specifies the input column(s) that uniquely identify each row of input table. The format is 'input1:c1' where input1 refers to the alias used by the input table that contains such column named c1.",
      "datatype": "STRING",
      "allowsLists": true,
      "rName": "sequence.column",
      "useInR": true,
      "rOrderNum": 50
    }
  ]
}