{
  "json_schema_major_version": "1",
  "json_schema_minor_version": "2",
  "json_content_version": "1",
  "function_name": "FrequentPaths",
  "function_version": "2.5",
  "function_type": "driver",
  "function_alias_name": "FrequentPaths",
  "function_r_name": "aa.frequent.paths",
  "short_description": "Compute frequent sequential patterns among a sequence table.",
  "long_description": "The FrequentPaths takes a table of sequences and outputs a table of subsequences (patterns) that frequently appear in the input table and, optionally, a table of sequence-pattern pairs. The function is useful for analyzing customer purchase behavior, web access patterns, disease treatments, and DNA sequences.",
  "input_tables": [
    {
      "requiredInputKind": [],
      "isOrdered": false,
      "partitionByOne": false,
      "name": "InputTable",
      "alternateNames": [],
      "isRequired": true,
      "rDescription": "Specifies the name of the table that contains the input sequences. Each row is one item in a sequence. If data does not include a schema, the function searches for it in the user\u2019s search path. The function ignores rows that contain any NULL values.",
      "description": "Specifies the name of the table that contains the input sequences. Each row is one item in a sequence. If input_table does not include a schema, the function searches for it in the user\u2019s search path. The function ignores rows that contain any NULL values.",
      "datatype": "TABLE_NAME",
      "allowsLists": false,
      "rName": "data",
      "useInR": true,
      "rOrderNum": 1
    },
    {
      "requiredInputKind": [],
      "isOrdered": false,
      "partitionByOne": false,
      "name": "ItemDefinitionTable",
      "alternateNames": [],
      "isRequired": false,
      "rDescription": "Specifies only the name of the item definition table. If item_definition_table does not include a schema, the function searches for it in the schema in the user\u2019s search path. in the schema in the user\u2019s search path. *Required if you specify neither item.column nor path.column.",
      "description": "Specifies only the name of the item definition table. If item_definition_table does not include a schema, the function searches for it in the schema in the user\u2019s search path. *Required if you specify neither ItemColumn nor PathColumn.",
      "datatype": "TABLE_NAME",
      "allowsLists": false,
      "rName": "item.definition.table",
      "useInR": true,
      "rOrderNum": 7
    }
  ],
  "output_tables": [
    {
      "isOutputTable": true,
      "name": "OutputTable",
      "alternateNames": [],
      "isRequired": true,
      "rDescription": "Specifies the name of the table where the function outputs the subsequences.",
      "description": "Specify the name of the table where the function outputs the subsequences.",
      "datatype": "TABLE_NAME",
      "allowsLists": false,
      "rName": "subsequence.data",
      "useInR": true,
      "rOrderNum": 100
    },
    {
      "isOutputTable": true,
      "name": "SeqPatternTable",
      "alternateNames": [],
      "isRequired": false,
      "rDescription": "Specifies the name of the table where the function outputs sequence-pattern pairs. For example, if a sequence has a partition value of \"1\" and contains 3 patterns with IDs 2, 9, and 10, then for that sequence the function outputs the sequence-pattern pairs (\"1\", 2), (\"1\", 9), and (\"1\", 10). If seq.pattern.table does not include a schema, the function creates it in the first schema in the user\u2019s search path. If the function finds no sequence-pattern pairs, then it does not create seq.pattern.table.",
      "description": " Specify the name of the table where the function outputs sequence-pattern pairs. For example, if a sequence has a partition value of \"1\" and contains 3 patterns with IDs 2, 9, and 10, for that sequence the function outputs the sequence-pattern pairs (\"1\", 2), (\"1\", 9), and (\"1\", 10).",
      "datatype": "TABLE_NAME",
      "allowsLists": false,
      "rName": "seq.pattern.table",
      "useInR": true,
      "rOrderNum": 101
    }
  ],
  "argument_clauses": [
    {
      "targetTable": [
        "InputTable"
      ],
      "checkDuplicate": true,
      "allowedTypes": [],
      "allowedTypeGroups": [
        "DISTRIBUTIONTYPE"
      ],
      "matchLengthOfArgument": "",
      "allowPadding": true,
      "name": "PartitionColumns",
      "alternateNames": [],
      "isRequired": true,
      "rDescription": "Specifies the names of the columns that comprise the partition key of the input sequences.",
      "description": "Specify the names of the columns that comprise the partition key of the input sequences.",
      "datatype": "COLUMN_NAMES",
      "allowsLists": true,
      "rName": "partition.columns",
      "useInR": true,
      "rOrderNum": 12
    },
    {
      "targetTable": [
        "InputTable"
      ],
      "checkDuplicate": true,
      "allowedTypes": [],
      "allowedTypeGroups": [
        "ALL"
      ],
      "requiredLength": 1,
      "matchLengthOfArgument": "",
      "allowPadding": true,
      "name": "TimeColumn",
      "alternateNames": [],
      "isRequired": false,
      "rDescription": "Specifies the name of the input table column that determines the order of items in a sequence. Items in the same sequence that have the same time stamp belong to the same set. *Required when item.column or item.definition is specified.",
      "description": "[Required when ItemColumn or ItemDefinition is specified.] Specify the name of the input table column that determines the order of items in a sequence. Items in the same sequence that have the same time stamp belong to the same set.",
      "datatype": "COLUMN_NAMES",
      "allowsLists": false,
      "rName": "time.column",
      "useInR": true,
      "rOrderNum": 3
    },
    {
      "targetTable": [
        "InputTable"
      ],
      "checkDuplicate": true,
      "allowedTypes": [],
      "allowedTypeGroups": [
        "ALL"
      ],
      "matchLengthOfArgument": "",
      "allowPadding": true,
      "name": "GroupByColumns",
      "alternateNames": [],
      "isRequired": false,
      "rDescription": "Specifies the names of the input table columns by which to group the input table sequences. If you specify this argument, then the function operates on each group separately and copies each group_by_column to the output table.",
      "description": " Specify the names of the input table columns by which to group the input table sequences. If you specify this argument, the function operates on each group separately and copies each group_by_column to the output table.",
      "datatype": "COLUMN_NAMES",
      "allowsLists": true,
      "rName": "groupby.columns",
      "useInR": true,
      "rOrderNum": 5
    },
    {
      "targetTable": [
        "InputTable"
      ],
      "checkDuplicate": true,
      "allowedTypes": [],
      "allowedTypeGroups": [
        "ALL"
      ],
      "matchLengthOfArgument": "",
      "allowPadding": true,
      "name": "ItemColumn",
      "alternateNames": [],
      "isRequired": false,
      "rDescription": "Specifies the names of the input table columns that contain the items. *Required if you specify neither ItemDefinition nor path.column.",
      "description": "[Required if you specify neither ItemDefinitionColumns nor PathColumn.] Specify the names of the input table columns that contain the items.",
      "datatype": "COLUMN_NAMES",
      "allowsLists": true,
      "rName": "item.column",
      "useInR": true,
      "rOrderNum": 6
    },
    {
      "targetTable": [
        "InputTable"
      ],
      "checkDuplicate": true,
      "allowedTypes": [],
      "allowedTypeGroups": [
        "STRING"
      ],
      "requiredLength": 1,
      "matchLengthOfArgument": "",
      "allowPadding": true,
      "name": "PathColumn",
      "alternateNames": [],
      "isRequired": false,
      "rDescription": "Specifies the name of the input table column that contains paths in the form of sequence strings. A sequence string has this syntax: '[item [, ...]]' In the sequence string syntax, you must type the outer brackets (bold). The sequence strings in this column can be generated by the nPath function. If you specify this argument, then each item set can have only one item. * Required if you specify neither item.column nor item.definition.",
      "description": "[Required if you specify neither ItemDefinitionColumns nor ItemColumn.] Specify the name of the input table column that contains paths in the form of sequence strings. A sequence string has this syntax: item [ , ...] ] ' In the sequence string syntax, you must type the outer brackets (bold). The sequence strings in this column can be created by the nPath function. If you specify this argument, each item set can have only one item.",
      "datatype": "COLUMN_NAMES",
      "allowsLists": false,
      "rName": "path.column",
      "useInR": true,
      "rOrderNum": 8
    },
    {
      "lowerBound": 0,
      "upperBound": Infinity,
      "lowerBoundType": "EXCLUSIVE",
      "upperBoundType": "INCLUSIVE",
      "allowNaN": false,
      "name": "MinSupport",
      "alternateNames": [],
      "isRequired": true,
      "rDescription": "Determines the threshold for whether a sequential pattern is frequent. The minimum must be a positive real number. If minimum is in the range (0,1], then it is a relative threshold: If N is the total number of input sequences, then the threshold is T=N*minimum. For example, if there are 1000 sequences in the input table and minimum is 0.05, then the threshold is 50. If minimum is in the range (1,+\u221e), then it is an absolute threshold: Regardless of N,  T=minimum. For example, if minimum is 50, then the threshold is 50, regardless of N. A pattern is frequent if its support value is at least T. Because the function outputs only frequent patterns, minimum controls the number of output patterns. If minimum is small, processing time increases exponentially; therefore, Teradata recommends starting the trial with a larger value.\u2014for example, 5% of the total sequence number if you know N and 0.05 otherwise. If you specify a relative minimum and group.by.columns, then the function calculates N and T for each group. If you specify a relative minimum and path.filters, then N is the number of sequences that meet the constraints of the filters.",
      "description": "Determines the threshold for whether a sequential pattern is frequent. The minimum must be a positive real number. If minimum is in the range (0,1], it is a relative threshold: If N is the total number of input sequences, the threshold is T = N * minimum . For example, if there are 1000 sequences in the input table and minimum is 0.05, the threshold is 50. If minimum is in the range (1,+), it is an absolute threshold: Regardless of N , T = minimum . For example, if minimum is 50, the threshold is 50, regardless of N . A pattern is frequent if its support value is at least T . Because the function outputs only frequent patterns, minimum controls the number of output patterns. If minimum is small, processing time increases exponentially; therefore, Teradata recommends starting the trial with a larger value.\u2014for example, 5% of the total sequence number if you know N and 0.05 otherwise. If you specify a relative minimum and GroupByColumns, the function calculates N and T for each group. If you specify a relative minimum and PathFilters, N is the number of sequences that meet the constraints of the filters.",
      "datatype": "DOUBLE",
      "allowsLists": false,
      "rName": "min.support",
      "useInR": true,
      "rOrderNum": 2
    },
    {
      "permittedValues": [],
      "isOutputColumn": false,
      "matchLengthOfArgument": "",
      "allowPadding": true,
      "name": "PathFilters",
      "alternateNames": [],
      "isRequired": false,
      "rDescription": "Specifies the filters to use on the input table sequences. Only input table sequences that satisfy all constraints of at least one filter are input to the function. Each filter has one or more constraints, which are separated by spaces. Each constraint has this syntax: constraint (item [symbol ...]) By default, symbol is comma (,). If you specify symbol, it applies to all filters. The constraint is one of the following: STW (start-with constraint): The first item set of the sequence must contain at least one item. For example, STW(c,d) requires the first item set of the sequence to contain c or d. Sequence \u201c(a, c), e, (f, d)\u201d meets this constraint because the first item set, (a,c), contains c, EDW (end-with constraint): The last item set of the sequence must contain at least one item. For example, EDW(f,g) requires the last item set of the sequence to contain f or g. Sequence \u201c(a, b), e, (f, d)\u201d meets this constraint because the last item set, (f,d), contains f, CTN (containing constraint): The sequence must contain at least one item. For example, CTN(a,b) requires the sequence to contain a or b. The sequence \u201c(a,c), d, (e,f)\u201d meets this constraint but the sequence \u201cd, (e,f)\u201d does not. Constraints in the same filter must be different. For example, the filter 'STW(c,d) EDW(g,k) CTN(e)' is valid, but 'STW(c,d) STW(e,h)' is invalid. This argument specifies a separator and uses it in two filters: path.filters('Separator(#)', 'STW(c#d) EDW(g#k) CTN(e)', 'CTN(h#k)')",
      "description": " Specify the filters to use on the input table sequences. Only input table sequences that satisfy all constraints of at least one filter are input to the function. Each filter has one or more constraints, which are separated by spaces. Each constraint has this syntax: constraint ( item [ symbol ...]) constraint Description STW ( start-with_constraint ) First item set of sequence must contain at least one item . For example, STW(c,d) requires first item set of sequence to contain c or d. Sequence \"(a, c), e, (f, d)\" meets this constraint because first item set, (a,c), contains c. EDW ( end-with_constraint ) Last item set of sequence must contain at least one item . For example, EDW(f,g) requires the last item set of the sequence to contain f or g. Sequence \"(a, b), e, (f, d)\" meets this constraint because last item set, (f,d), contains f. CTN ( containing_constraint ) Sequence must contain at least one item . For example, CTN(a,b) requires sequence to contain a or b. Sequence \"(a,c), d, (e,f)\" meets this constraint but sequence \"d, (e,f)\" does not. Constraints in the same filter must differ. For example: Valid: 'STW(c,d) EDW(g,k) CTN(e)' Invalid: 'STW(c,d) STW(e,h)' This argument specifies a separator and uses it in two filters: PathFilters('Separator(#)', 'STW(c#d) EDW(g#k) CTN(e)', 'CTN(h#k)') If you specify symbol , it applies to all filters. Default symbol : comma (,)",
      "datatype": "STRING",
      "allowsLists": true,
      "rName": "path.filters",
      "useInR": true,
      "rOrderNum": 4
    },
    {
      "permittedValues": [],
      "isOutputColumn": false,
      "name": "ItemDefinitionColumns",
      "alternateNames": [],
      "isRequired": false,
      "rDescription": "Specifies the name of the item definition table and the names of its index, definition, and item columns. If item_definition_table does not include a schema, the function searches for it in the schema in the user\u2019s search path. *Required if you specify neither item.column nor path.column.",
      "description": "[Required if you specify neither ItemColumn nor PathColumn.] Specify the names of the index, definition, and item columns of the item_definition_table .",
      "datatype": "STRING",
      "allowsLists": false,
      "rName": "item.definition.columns",
      "useInR": true,
      "rOrderNum": 12
    },
    {
      "defaultValue": 2147483647,
      "lowerBound": 0,
      "upperBound": 2147483647,
      "lowerBoundType": "EXCLUSIVE",
      "upperBoundType": "INCLUSIVE",
      "allowNaN": false,
      "name": "MaxLength",
      "alternateNames": [],
      "isRequired": false,
      "rDescription": "Specifies the maximum length of the output sequential patterns. The length of a pattern is its number of sets. By default, there is no maximum length.",
      "description": " Specify the maximum length of the output sequential patterns. The length of a pattern is its number of sets. Default: No maximum length",
      "datatype": "INTEGER",
      "allowsLists": false,
      "rName": "max.length",
      "useInR": true,
      "rOrderNum": 9
    },
    {
      "defaultValue": 1,
      "lowerBound": 0,
      "upperBound": 2147483647,
      "lowerBoundType": "EXCLUSIVE",
      "upperBoundType": "INCLUSIVE",
      "allowNaN": false,
      "name": "MinLength",
      "alternateNames": [],
      "isRequired": false,
      "rDescription": "Specifies the minimum length of the output sequential patterns. The default value is 1.",
      "description": " Specify the minimum length of the output sequential patterns. Default: 1",
      "datatype": "INTEGER",
      "allowsLists": false,
      "rName": "min.length",
      "useInR": true,
      "rOrderNum": 10
    },
    {
      "defaultValue": false,
      "name": "ClosedPattern",
      "alternateNames": [],
      "isRequired": false,
      "rDescription": "Specifies whether to output only closed patterns. The default value is 'false'.",
      "description": " Specify whether to output only closed patterns. Default: 'false'",
      "datatype": "BOOLEAN",
      "allowsLists": false,
      "rName": "closed.pattern",
      "useInR": true,
      "rOrderNum": 11
    },
    {
      "permittedValues": [],
      "isOutputColumn": false,
      "matchLengthOfArgument": "",
      "allowPadding": true,
      "name": "UniqueId",
      "alternateNames": [
        "SequenceInputBy"
      ],
      "isRequired": false,
      "rDescription": "Specifies the LIST_VECTOR of column(s) that uniquely identifies each row of the input argument INPUT_ARG_NAME. The argument is used to ensure deterministic results for functions which produce results that vary from run to run.",
      "description": "Specifies the input column(s) that uniquely identify each row of input table. The format is 'input1:c1' where input1 refers to the alias used by the input table that contains such column named c1.",
      "datatype": "STRING",
      "allowsLists": true,
      "rName": "sequence.column",
      "useInR": true,
      "rOrderNum": 50
    }
  ]
}