{
  "json_schema_major_version": "1",
  "json_schema_minor_version": "2",
  "json_content_version": "1",
  "function_name": "GeometryOverlay",
  "function_version": "1.3",
  "function_type": "non-driver",
  "function_alias_name": "GeometryOverlay",
  "function_r_name": "aa.geometry.overlay",
  "short_description": "This function is used to find the result of overlaying two geometries.",
  "long_description": "The GeometryOverlay function takes two geometries described by the well-known text (WKT) markup language and outputs the result of overlaying them, as specified by the boundary operator. You can use this function to prepare sets of geometries for input to the PointInPolygon function. For example, you can use this function to prepare a geometry that contains all cellular phone reception polygons near an airport to create a geometry that is useful for identifying frequent fliers.",
  "input_tables": [
    {
      "requiredInputKind": [
        "PartitionByAny",
        "PartitionByKey"
      ],
      "isOrdered": false,
      "partitionByOne": false,
      "name": "SourceTable",
      "alternateNames": [
        "source"
      ],
      "isRequired": true,
      "rDescription": "The input table contains the source geometry information",
      "description": "The input table contains the source geometry information",
      "datatype": "TABLE_ALIAS",
      "allowsLists": false,
      "rName": "source.data",
      "useInR": true,
      "rOrderNum": 1
    },
    {
      "requiredInputKind": [
        "Dimension",
        "PartitionByKey"
      ],
      "isOrdered": false,
      "partitionByOne": false,
      "name": "ReferenceTable",
      "alternateNames": [
        "reference"
      ],
      "isRequired": false,
      "rDescription": "The input table contains the reference geometry information",
      "description": "The input table contains the reference geometry information",
      "datatype": "TABLE_ALIAS",
      "allowsLists": false,
      "rName": "reference.data",
      "useInR": true,
      "rOrderNum": 2
    }
  ],
  "argument_clauses": [
    {
      "targetTable": [
        "source"
      ],
      "checkDuplicate": true,
      "allowedTypes": [],
      "allowedTypeGroups": [
        "STRING"
      ],
      "requiredLength": 1,
      "matchLengthOfArgument": "",
      "allowPadding": true,
      "name": "SourceLocationColumn",
      "alternateNames": [],
      "isRequired": true,
      "rDescription": "Specifies the name of the source table column that contains the polygon description in WKT format.",
      "description": "Specify the name of the source table column that contains the polygon description in WKT format.",
      "datatype": "COLUMNS",
      "allowsLists": false,
      "rName": "source.location.column",
      "useInR": true,
      "rOrderNum": 3
    },
    {
      "targetTable": [
        "reference"
      ],
      "checkDuplicate": true,
      "allowedTypes": [],
      "allowedTypeGroups": [
        "STRING"
      ],
      "requiredLength": 1,
      "matchLengthOfArgument": "",
      "allowPadding": true,
      "name": "ReferenceLocationColumn",
      "alternateNames": [],
      "isRequired": false,
      "rDescription": "Specifies the name of the reference table column that contains the location of the polygon description in WKT format.",
      "description": "Specify the name of the reference table column that contains the location of the polygon description in WKT format.",
      "datatype": "COLUMNS",
      "allowsLists": false,
      "rName": "reference.location.column",
      "useInR": true,
      "rOrderNum": 4
    },
    {
      "targetTable": [
        "reference"
      ],
      "checkDuplicate": true,
      "allowedTypes": [],
      "allowedTypeGroups": [
        "ALL"
      ],
      "matchLengthOfArgument": "",
      "allowPadding": true,
      "name": "ReferenceNameColumns",
      "alternateNames": [],
      "isRequired": false,
      "rDescription": "Specifies the name of the reference table column that contains the names of the polygons.",
      "description": "Specify the names of the reference table columns that contain the names of the polygons.",
      "datatype": "COLUMNS",
      "allowsLists": true,
      "rName": "reference.name.columns",
      "useInR": true,
      "rOrderNum": 5
    },
    {
      "targetTable": [
        "source"
      ],
      "checkDuplicate": true,
      "allowedTypes": [],
      "allowedTypeGroups": [
        "ALL"
      ],
      "matchLengthOfArgument": "",
      "allowPadding": true,
      "name": "Accumulate",
      "alternateNames": [],
      "isRequired": false,
      "rDescription": "Specifies the names of the source table columns to copy to the output table.",
      "description": " Specify the source table columns to copy to the output table.",
      "datatype": "COLUMNS",
      "allowsLists": true,
      "rName": "accumulate",
      "useInR": true,
      "rOrderNum": 9
    },
    {
      "permittedValues": [
        "union",
        "intersection",
        "difference",
        "symdifference",
        "buffer",
        "convexhull"
      ],
      "isOutputColumn": false,
      "name": "BoundaryOperator",
      "alternateNames": [],
      "isRequired": true,
      "rDescription": "Specifies the boundary (geometry overlay) operator ",
      "description": "Specify a boundary (geometry overlay) operator from the following table. Boundary Operator Result Description UNION Result contains area covered by source polygon and area covered by reference polygon (blue area in figure). INTERSECTION Result contains area that is common to source and reference polygons (blue area in figure). DIFFERENCE Result contains area covered only by source polygon (blue area in figure). SYMDIFFERENCE Result contains area covered by only source polygon or only reference polygon (blue area in figure). CONVEXHULL Result contains smallest convex set that contains source polygon in Euclidean plane (blue area in figure). BUFFER Result contains source polygon and specified buffer. A positive buffer extends area of polygon. In upper figure, result includes both buffer (blue) and source polygon (pale pink). A negative buffer decreases area of polygon. In lower figure, result includes only source polygon (blue). Note: For buffer operation, eight segments is adopted in curve approximation for corners.",
      "datatype": "STRING",
      "allowsLists": false,
      "rName": "boundary.operator",
      "useInR": true,
      "rOrderNum": 6
    },
    {
      "defaultValue": false,
      "name": "OutputAll",
      "alternateNames": [],
      "isRequired": false,
      "rDescription": "Specifies whether to include the result of non-intersection geometries in the output. The default value is 'false'.",
      "description": " Specify whether to include the result of nonintersection geometries in the output table. Default: 'false'",
      "datatype": "BOOLEAN",
      "allowsLists": false,
      "rName": "output.all",
      "useInR": true,
      "rOrderNum": 8
    },
    {
      "lowerBound": -Infinity,
      "upperBound": Infinity,
      "lowerBoundType": "INCLUSIVE",
      "upperBoundType": "INCLUSIVE",
      "allowNaN": false,
      "name": "Distance",
      "alternateNames": [],
      "isRequired": false,
      "rDescription": "Specifies the distance by which to extend or decrease the polygon.",
      "description": "[Required with BoundaryOperator('BUFFER').] Specify the distance by which to extend or decrease the polygon.",
      "datatype": "DOUBLE",
      "allowsLists": false,
      "rName": "distance",
      "useInR": true,
      "rOrderNum": 7
    },
    {
      "permittedValues": [],
      "isOutputColumn": false,
      "matchLengthOfArgument": "",
      "allowPadding": true,
      "name": "UniqueId",
      "alternateNames": [
        "SequenceInputBy"
      ],
      "isRequired": false,
      "rDescription": "Specifies the LIST_VECTOR of column(s) that uniquely identifies each row of the input argument INPUT_ARG_NAME. The argument is used to ensure deterministic results for functions which produce results that vary from run to run.",
      "description": "Specifies the input column(s) that uniquely identify each row of input table. The format is 'input1:c1' where input1 refers to the alias used by the input table that contains such column named c1.",
      "datatype": "STRING",
      "allowsLists": true,
      "rName": "sequence.column",
      "useInR": true,
      "rOrderNum": 50
    }
  ]
}