{
  "json_schema_major_version": "1",
  "json_schema_minor_version": "2",
  "json_content_version": "1",
  "function_name": "GMMFit",
  "function_version": "1.3",
  "function_type": "driver",
  "function_alias_name": "GMM",
  "function_r_name": "aa.gmm",
  "short_description": "Fits a Gaussian Mixture Model to data.",
  "long_description": "Clusters data using a Gaussian Mixture Model or a Dirichlet Process Gaussian Mixture Model.",
  "input_tables": [
    {
      "requiredInputKind": [
        "PartitionByKey"
      ],
      "isOrdered": false,
      "partitionByOne": true,
      "name": "InitialValues",
      "alternateNames": [
        "init_params"
      ],
      "isRequired": true,
      "rDescription": "Contains initial values for the cluster weights, means, and covariances. The user may specify one, two, or all three of the cluster parameters.",
      "description": "Contains initial values for the cluster weights, means, and covariances. The user may specify one, two, or all three of the cluster parameters.",
      "datatype": "TABLE_ALIAS",
      "allowsLists": false,
      "rName": "init.params.data",
      "useInR": true,
      "rOrderNum": 1
    },
    {
      "requiredInputKind": [],
      "isOrdered": false,
      "partitionByOne": false,
      "name": "InputTable",
      "alternateNames": [],
      "isRequired": true,
      "rDescription": "Specifies the name of the table that contains the input data to be clustered.",
      "description": "Specifies the name of the table that contains the input data to be clustered.",
      "datatype": "TABLE_NAME",
      "allowsLists": false,
      "rName": "data",
      "useInR": true,
      "rOrderNum": 2
    }
  ],
  "output_tables": [
    {
      "isOutputTable": true,
      "name": "OutputTable",
      "alternateNames": [],
      "isRequired": true,
      "rDescription": "Specifies the name of the output table to which the function outputs cluster information. The table must not already exist.",
      "description": "Specify the name of the output table to which the function outputs cluster information. The table must not already exist.",
      "datatype": "TABLE_NAME",
      "allowsLists": false,
      "rName": "cluster.info",
      "useInR": true,
      "rOrderNum": 100
    }
  ],
  "argument_clauses": [
    {
      "defaultValue": 20,
      "lowerBound": 0,
      "upperBound": 2147483647,
      "lowerBoundType": "EXCLUSIVE",
      "upperBoundType": "INCLUSIVE",
      "allowNaN": false,
      "name": "MaxClusterNum",
      "alternateNames": [],
      "isRequired": false,
      "rDescription": "Specifies the maximum number of clusters in a Dirichlet Process model and causes the function to use the DP-GMM algorithm. This value must have the data type INTEGER. The default value is 20.",
      "description": "[Required if ClusterNum is omitted, disallowed otherwise.] Specify the maximum number of clusters in a Dirichlet Process model and causes the function to use the DP-GMM algorithm. This value must have the data type INTEGER. Default: 20",
      "datatype": "INTEGER",
      "allowsLists": false,
      "rName": "max.cluster.num",
      "useInR": true,
      "rOrderNum": 3
    },
    {
      "defaultValue": 10,
      "lowerBound": 0,
      "upperBound": 2147483647,
      "lowerBoundType": "EXCLUSIVE",
      "upperBoundType": "INCLUSIVE",
      "allowNaN": false,
      "name": "ClusterNum",
      "alternateNames": [],
      "isRequired": false,
      "rDescription": "Specifies the number of clusters in a model and causes the function to use  the basic GMM algorithm. This value must have the data type INTEGER and be greater than 0. The default value is 10.",
      "description": "[Required if MaxClusterNum is omitted, disallowed otherwise.] Specify the number of clusters in a model and causes the function to use the basic GMM algorithm. This value must have the data type INTEGER and be greater than 0. Default: 10",
      "datatype": "INTEGER",
      "allowsLists": false,
      "rName": "cluster.num",
      "useInR": true,
      "rOrderNum": 4
    },
    {
      "permittedValues": [
        "SPHERICAL",
        "DIAGONAL",
        "FULL",
        "TIED"
      ],
      "defaultValue": "DIAGONAL",
      "isOutputColumn": false,
      "name": "CovarianceType",
      "alternateNames": [],
      "isRequired": false,
      "rDescription": "Specifies the type of the covariance matrices, thereby determining how many parameters the function estimates for each cluster: 'spherical': Each covariance matrix is of the form \u03c3I. The function estimates one parameter for each cluster, 'diagonal' (default): Each covariance matrix has zeroes on the nondiagonal. The function estimates D parameters for each cluster, where D is the number of dimensions in the matrix, 'tied': Each cluster has the same covariance matrix. The function estimates (1/2)D(D-1) parameters, 'full': Each cluster has an arbitrary covariance matrix. The function estimates (1/2)D(D-1) parameters for each cluster.",
      "description": " Specify the covariance matrix type, thereby determining how many parameters the function estimates for each cluster, where D is the number of dimensions in the matrix: Option Description 'diagonal' (Default) Each covariance matrix has zeros on nondiagonal. Function estimates D parameters for each cluster. 'spherical' Each covariance matrix is of form \u03c3I. Function estimates one parameter for each cluster. 'tied' Each cluster has the same covariance matrix. Function estimates (1/2) D ( D -1) parameters. 'full' Each cluster has an arbitrary covariance matrix. Function estimates (1/2) D ( D -1) parameters for each cluster.",
      "datatype": "STRING",
      "allowsLists": false,
      "rName": "covariance.type",
      "useInR": true,
      "rOrderNum": 5
    },
    {
      "defaultValue": 0.001,
      "lowerBound": 0,
      "upperBound": Infinity,
      "lowerBoundType": "EXCLUSIVE",
      "upperBoundType": "INCLUSIVE",
      "allowNaN": false,
      "name": "Tolerance",
      "alternateNames": [],
      "isRequired": false,
      "rDescription": "Specifies the minimum change in log-likelihood between iterations that causes the function to terminate. This value must have the data type DOUBLE PRECISION and be greater than 0. The default value is 0.001.",
      "description": " Specify the minimum change in log-likelihood between iterations that causes the function to terminate. This value must have the data type DOUBLE PRECISION and be greater than 0. Default: 0.001",
      "datatype": "DOUBLE",
      "allowsLists": false,
      "rName": "tolerance",
      "useInR": true,
      "rOrderNum": 6
    },
    {
      "defaultValue": 10,
      "lowerBound": 0,
      "upperBound": 2147483647,
      "lowerBoundType": "EXCLUSIVE",
      "upperBoundType": "INCLUSIVE",
      "allowNaN": false,
      "name": "MaxIterNum",
      "alternateNames": [],
      "isRequired": false,
      "rDescription": "Specifies the maximum number of iterations for which the function runs. This value must have the data type INTEGER and be greater than 0. The default value is 10.",
      "description": " Specify the maximum number of iterations for which the function runs. This value must have the data type INTEGER and be greater than 0. Default: 10",
      "datatype": "INTEGER",
      "allowsLists": false,
      "rName": "max.iter.num",
      "useInR": true,
      "rOrderNum": 7
    },
    {
      "defaultValue": 0.001,
      "lowerBound": 0,
      "upperBound": Infinity,
      "lowerBoundType": "EXCLUSIVE",
      "upperBoundType": "INCLUSIVE",
      "allowNaN": false,
      "name": "ConcentrationParam",
      "alternateNames": [],
      "isRequired": false,
      "rDescription": "Note: Specify this argument only if you specify max.cluster.num. Specifies the concentration parameter, \u03b1, which determines the number of clusters that the DP-GMM algorithm generates. This value must have the data type DOUBLE PRECISION and be greater than 0. The expected number of clusters is \u03b1 log N, where N is the number of points in the data set; therefore, a larger \u03b1 value tends to cause the algorithm to find more clusters.",
      "description": " Specify this argument only if you specify MaxClusterNum. Specify the concentration parameter, \u03b1, which determines the number of clusters that the DP-GMM algorithm creates. This value must have the data type DOUBLE PRECISION and be greater than 0. The expected number of clusters is \u03b1 log N, where N is the number of points in the data set; therefore, a larger \u03b1 value tends to cause the algorithm to find more clusters. Default: 0.001",
      "datatype": "DOUBLE",
      "allowsLists": false,
      "rName": "concentration.param",
      "useInR": true,
      "rOrderNum": 8
    },
    {
      "defaultValue": false,
      "name": "PackOutput",
      "alternateNames": [],
      "isRequired": false,
      "rDescription": "Specifies whether the function packs the output. The default value is 'false'.",
      "description": " Specify whether the function packs the output. Default: 'false'",
      "datatype": "BOOLEAN",
      "allowsLists": false,
      "rName": "pack.output",
      "useInR": true,
      "rOrderNum": 9
    },
    {
      "permittedValues": [],
      "isOutputColumn": false,
      "matchLengthOfArgument": "",
      "allowPadding": true,
      "name": "UniqueId",
      "alternateNames": [
        "SequenceInputBy"
      ],
      "isRequired": false,
      "rDescription": "Specifies the LIST_VECTOR of column(s) that uniquely identifies each row of the input argument INPUT_ARG_NAME. The argument is used to ensure deterministic results for functions which produce results that vary from run to run.",
      "description": "Specifies the input column(s) that uniquely identify each row of input table. The format is 'input1:c1' where input1 refers to the alias used by the input table that contains such column named c1.",
      "datatype": "STRING",
      "allowsLists": true,
      "rName": "sequence.column",
      "useInR": true,
      "rOrderNum": 50
    }
  ]
}