{
  "json_schema_major_version": "1",
  "json_schema_minor_version": "2",
  "json_content_version": "1",
  "function_name": "GMMProfile",
  "function_version": "1.3",
  "function_type": "non-driver",
  "function_alias_name": "GMMProfile",
  "function_r_name": "aa.gmm.profile",
  "short_description": "Computes statistics for a Gaussian Mixture Model.",
  "long_description": "The GMMProfile function takes the output of the function GMM and outputs information about how each cluster diverges from the global data statistics.",
  "input_tables": [
    {
      "requiredInputKind": [
        "PartitionByKey"
      ],
      "isOrdered": false,
      "partitionByOne": true,
      "name": "input",
      "alternateNames": [],
      "isRequired": true,
      "rDescription": "A model table output by GMMFit.",
      "description": "A model table output by GMMFit.",
      "datatype": "TABLE_ALIAS",
      "allowsLists": false,
      "rName": "data",
      "useInR": true,
      "rOrderNum": 1
    }
  ]
}