{
  "json_schema_major_version": "1",
  "json_schema_minor_version": "2",
  "json_content_version": "1",
  "function_name": "KMeansPlot",
  "function_version": "1.3",
  "function_type": "non-driver",
  "function_alias_name": "KMeansPredict",
  "function_r_name": "aa.kmeans.plot",
  "ref_function_r_name": "aa.kmeans",
  "short_description": "Implements the KMeansPlot SQL-MR function.",
  "long_description": "The KMeansPlot function takes a model\u2014a table of cluster centroids output by the KMeans function\u2014and an input table of test data, and uses the model to assign the test data points to the cluster centroids.",
  "input_tables": [
    {
      "requiredInputKind": [
        "PartitionByAny"
      ],
      "isOrdered": false,
      "partitionByOne": false,
      "name": "InputTable1",
      "alternateNames": [
        "input1"
      ],
      "isRequired": true,
      "rDescription": "Table containing the points on which to cluster the data. If an input row in the input table contains a null value, aa.kmeans.plot sets the corresponding cluster ID in the output to -1.",
      "description": "Table containing the points on which to cluster the data. If an input row in the input table contains a null value, KMeansPlot sets the corresponding cluster ID in the output to -1.",
      "datatype": "TABLE_ALIAS",
      "allowsLists": false,
      "rName": "data",
      "useInR": true,
      "rOrderNum": 2
    },
    {
      "requiredInputKind": [
        "Dimension"
      ],
      "isOrdered": false,
      "partitionByOne": false,
      "name": "InputTable2",
      "alternateNames": [
        "input2"
      ],
      "isRequired": true,
      "rDescription": "The table which contains the centroids trained, from the kmeans function.",
      "description": "The table which contains the centroids trained, from the kmeans function.",
      "datatype": "TABLE_ALIAS",
      "allowsLists": false,
      "rName": "object",
      "useInR": true,
      "rOrderNum": 1
    }
  ],
  "argument_clauses": [
    {
      "defaultValue": false,
      "name": "OutputDistance",
      "alternateNames": [
        "PrintDistance"
      ],
      "isRequired": false,
      "rDescription": "Specifies whether to print the distance between each data point and the nearest cluster. The default value is 'false'.",
      "description": "Specifies whether to print the distance between each data point and the nearest cluster. The default value is 'false'.",
      "datatype": "BOOLEAN",
      "allowsLists": false,
      "rName": "output.distance",
      "useInR": true,
      "rOrderNum": 3
    },
    {
      "permittedValues": [],
      "isOutputColumn": false,
      "matchLengthOfArgument": "",
      "allowPadding": true,
      "name": "UniqueId",
      "alternateNames": [
        "SequenceInputBy"
      ],
      "isRequired": false,
      "rDescription": "Specifies the LIST_VECTOR of column(s) that uniquely identifies each row of the input argument INPUT_ARG_NAME. The argument is used to ensure deterministic results for functions which produce results that vary from run to run.",
      "description": "Specifies the input column(s) that uniquely identify each row of input table. The format is 'input1:c1' where input1 refers to the alias used by the input table that contains such column named c1.",
      "datatype": "STRING",
      "allowsLists": true,
      "rName": "sequence.column",
      "useInR": true,
      "rOrderNum": 50
    }
  ]
}