{
  "json_schema_major_version": "1",
  "json_schema_minor_version": "2",
  "json_content_version": "1",
  "function_name": "KModesPredict",
  "function_version": "1.3",
  "function_type": "non-driver",
  "function_alias_name": "KModesPredict",
  "function_r_name": "aa.kmodes.predict",
  "ref_function_r_name": "aa.kmodes",
  "short_description": "Implements the KModesPredict SQL-MR function.",
  "long_description": "KModesPredict is the prediction function corresponding to KModes.",
  "input_tables": [
    {
      "requiredInputKind": [
        "PartitionByAny"
      ],
      "isOrdered": false,
      "partitionByOne": false,
      "name": "InputTable",
      "alternateNames": [
        "input"
      ],
      "isRequired": true,
      "rDescription": "Table containing the points on which to cluster the data. ",
      "description": "Table containing the points on which to cluster the data. ",
      "datatype": "TABLE_ALIAS",
      "allowsLists": false,
      "rName": "newdata",
      "useInR": true,
      "rOrderNum": 2
    },
    {
      "requiredInputKind": [
        "Dimension"
      ],
      "isOrdered": true,
      "partitionByOne": false,
      "name": "model",
      "alternateNames": [],
      "isRequired": true,
      "rDescription": "The table which contains the centroids trained, from the kmeans function.",
      "description": "The table which contains the centroids trained, from the kmeans function.",
      "datatype": "TABLE_ALIAS",
      "allowsLists": false,
      "rName": "object",
      "useInR": true,
      "rOrderNum": 1
    }
  ],
  "argument_clauses": [
    {
      "targetTable": [
        "input"
      ],
      "checkDuplicate": true,
      "allowedTypes": [],
      "allowedTypeGroups": [
        "ALL"
      ],
      "matchLengthOfArgument": "",
      "allowPadding": true,
      "name": "Accumulate",
      "alternateNames": [],
      "isRequired": false,
      "rDescription": " Columns from the input table to be passed through to the output table.",
      "description": " Specify the input table columns to copy to the output table.",
      "datatype": "COLUMNS",
      "allowsLists": true,
      "rName": "accumulate",
      "useInR": true,
      "rOrderNum": 5
    },
    {
      "permittedValues": [],
      "isOutputColumn": false,
      "matchLengthOfArgument": "",
      "allowPadding": true,
      "name": "Models",
      "alternateNames": [
        "TestModels"
      ],
      "isRequired": false,
      "rDescription": "Specifies which model IDs will be used for prediction. The default behavior is to use all models.",
      "description": "Specifies which model IDs will be used for prediction. The default behavior is to use all models.",
      "datatype": "STRING",
      "allowsLists": true,
      "rName": "test.models",
      "useInR": true,
      "rOrderNum": 3
    },
    {
      "defaultValue": false,
      "name": "OutputDistance",
      "alternateNames": [
        "PrintDistance"
      ],
      "isRequired": false,
      "rDescription": "Specifies whether or not the distance from each observation to its closest centroid should be printed to the output table. The default value is false.",
      "description": "Specifies whether or not the distance from each observation to its closest centroid should be printed to the output table. The default value is false.",
      "datatype": "BOOLEAN",
      "allowsLists": false,
      "rName": "print.distance",
      "useInR": true,
      "rOrderNum": 4
    },
    {
      "permittedValues": [],
      "isOutputColumn": false,
      "matchLengthOfArgument": "",
      "allowPadding": true,
      "name": "UniqueId",
      "alternateNames": [
        "SequenceInputBy"
      ],
      "isRequired": false,
      "rDescription": "Specifies the LIST_VECTOR of column(s) that uniquely identifies each row of the input argument INPUT_ARG_NAME. The argument is used to ensure deterministic results for functions which produce results that vary from run to run.",
      "description": "Specifies the input column(s) that uniquely identify each row of input table. The format is 'input1:c1' where input1 refers to the alias used by the input table that contains such column named c1.",
      "datatype": "STRING",
      "allowsLists": true,
      "rName": "sequence.column",
      "useInR": true,
      "rOrderNum": 50
    }
  ]
}