{
  "json_schema_major_version": "1",
  "json_schema_minor_version": "2",
  "json_content_version": "1",
  "function_name": "KNNRecommenderTrain",
  "function_version": "1.4",
  "function_type": "driver",
  "function_alias_name": "KNNRecommender",
  "function_r_name": "aa.knn.recommender.train",
  "short_description": "This function trains a interpolation weight model based on weighted collaborative filtering approach.",
  "long_description": "This function trains a interpolation weight model based on weighted collaborative filtering approach.",
  "input_tables": [
    {
      "requiredInputKind": [],
      "isOrdered": false,
      "partitionByOne": false,
      "name": "InputTable",
      "alternateNames": [
        "RatingTable"
      ],
      "isRequired": true,
      "rDescription": "The user rating table.",
      "description": "The user rating table.",
      "datatype": "TABLE_NAME",
      "allowsLists": false,
      "rName": "rating.table",
      "useInR": true,
      "rOrderNum": 1
    }
  ],
  "output_tables": [
    {
      "isOutputTable": true,
      "name": "WeightModelTable",
      "alternateNames": [],
      "isRequired": true,
      "rDescription": "Name for the output table containing the interpolation weights",
      "description": "Specify the name for the output table of interpolation weights.",
      "datatype": "TABLE_NAME",
      "allowsLists": false,
      "rName": "weight.model.table",
      "useInR": true,
      "rOrderNum": 100
    },
    {
      "isOutputTable": true,
      "name": "BiasModelTable",
      "alternateNames": [],
      "isRequired": true,
      "rDescription": "Name for the output table containing the global, user, and item bias statistics.",
      "description": "Specify the name for the output table of global, user, and item bias statistics.",
      "datatype": "TABLE_NAME",
      "allowsLists": false,
      "rName": "bias.model.table",
      "useInR": true,
      "rOrderNum": 101
    },
    {
      "isOutputTable": true,
      "name": "NearestItemsTable",
      "alternateNames": [],
      "isRequired": false,
      "rDescription": "Name for the output table containing the nearest neighbors for each item. If this argument is not present, the NearestNeighbors table is not produced, If the argument is used, and a table with the specified name exists, the function uses the existing table to train the model, If the argument is used and no table with the specified name exists, the function creates a table with the specified name.",
      "description": " Specify the name for the output table of nearest neighbors for each item. If you omit this argument, the function does not output this table. If you specify this argument, and a table named item_neighbors_table exists, the function uses the existing table to train the model. If you specify this argument, and no table named item_neighbors_table exists, the function creates a table with that name.",
      "datatype": "TABLE_NAME",
      "allowsLists": false,
      "rName": "nearest.items",
      "useInR": true,
      "rOrderNum": 102
    }
  ],
  "argument_clauses": [
    {
      "targetTable": [
        "RatingTable"
      ],
      "checkDuplicate": true,
      "allowedTypes": [],
      "allowedTypeGroups": [
        "INTEGER"
      ],
      "requiredLength": 1,
      "matchLengthOfArgument": "",
      "allowPadding": true,
      "name": "UserIdColumn",
      "alternateNames": [],
      "isRequired": false,
      "rDescription": " The user id column in the rating table. The default is the first column in the rating table.",
      "description": " Specify the user_rating_table column that contains the user IDs. Default: First user_rating_table column Note: You must specify either all or none of UserIDColumn, ItemIDColumn, and RatingColumn.",
      "datatype": "COLUMN_NAMES",
      "allowsLists": false,
      "rName": "userid.column",
      "useInR": true,
      "rOrderNum": 2
    },
    {
      "targetTable": [
        "RatingTable"
      ],
      "checkDuplicate": true,
      "allowedTypes": [],
      "allowedTypeGroups": [
        "INTEGER"
      ],
      "requiredLength": 1,
      "matchLengthOfArgument": "",
      "allowPadding": true,
      "name": "ItemIdColumn",
      "alternateNames": [],
      "isRequired": false,
      "rDescription": "The item id column in the rating table. The default is the second column in the rating table.",
      "description": " Specify the user_rating_table column that contains the item IDs. Default: Second user_rating_table column",
      "datatype": "COLUMN_NAMES",
      "allowsLists": false,
      "rName": "itemid.column",
      "useInR": true,
      "rOrderNum": 3
    },
    {
      "targetTable": [
        "RatingTable"
      ],
      "checkDuplicate": true,
      "allowedTypes": [],
      "allowedTypeGroups": [
        "NUMERIC"
      ],
      "requiredLength": 1,
      "matchLengthOfArgument": "",
      "allowPadding": true,
      "name": "RatingColumn",
      "alternateNames": [],
      "isRequired": false,
      "rDescription": "The rating column in the rating table. The default is the third column in the rating table.",
      "description": " Specify the user_rating_table column that contains the ratings. Default: Third user_rating_table column",
      "datatype": "COLUMN_NAMES",
      "allowsLists": false,
      "rName": "rating.column",
      "useInR": true,
      "rOrderNum": 4
    },
    {
      "defaultValue": 0.001,
      "lowerBound": 0,
      "upperBound": 1,
      "lowerBoundType": "EXCLUSIVE",
      "upperBoundType": "INCLUSIVE",
      "allowNaN": false,
      "name": "LearningRate",
      "alternateNames": [],
      "isRequired": false,
      "rDescription": "Initial learning rate. The learning rate adjusts automatically during training based on changes in the rmse. Default is 0.001.",
      "description": " Specify the initial learning rate. The learning rate adjusts automatically during training based on changes in the root-mean-square error (RMSE). Default: 0.001",
      "datatype": "DOUBLE",
      "allowsLists": false,
      "rName": "learning.rate",
      "useInR": true,
      "rOrderNum": 6
    },
    {
      "defaultValue": 10,
      "lowerBound": 0,
      "upperBound": 2147483647,
      "lowerBoundType": "EXCLUSIVE",
      "upperBoundType": "INCLUSIVE",
      "allowNaN": false,
      "name": "MaxIterNum",
      "alternateNames": [],
      "isRequired": false,
      "rDescription": "Maximum number of iterations. Default is 10",
      "description": " Specify the maximum number of iterations. Default: 10",
      "datatype": "INTEGER",
      "allowsLists": false,
      "rName": "max.iternum",
      "useInR": true,
      "rOrderNum": 7
    },
    {
      "defaultValue": 20,
      "lowerBound": 0,
      "upperBound": 2147483647,
      "lowerBoundType": "EXCLUSIVE",
      "upperBoundType": "INCLUSIVE",
      "allowNaN": false,
      "name": "K",
      "alternateNames": [],
      "isRequired": false,
      "rDescription": "The number of nearest neighbors used in the calculation of the interpolation weights. Default is 20.",
      "description": " Specify the number of nearest neighbors with which to calculate the interpolation weights. Default: 20",
      "datatype": "INTEGER",
      "allowsLists": false,
      "rName": "k",
      "useInR": true,
      "rOrderNum": 5
    },
    {
      "defaultValue": 0.0002,
      "lowerBound": 0,
      "upperBound": Infinity,
      "lowerBoundType": "EXCLUSIVE",
      "upperBoundType": "INCLUSIVE",
      "allowNaN": false,
      "name": "StopThreshold",
      "alternateNames": [
        "Threshold"
      ],
      "isRequired": false,
      "rDescription": "The function stops when the rmse drops below this level. Default is 0.0002.",
      "description": " Specify the RMSE below which the function stops. Default: 0.0002",
      "datatype": "DOUBLE",
      "allowsLists": false,
      "rName": "threshold",
      "useInR": true,
      "rOrderNum": 8
    },
    {
      "permittedValues": [
        "AdjustedCosine",
        "Pearson"
      ],
      "defaultValue": "Pearson",
      "isOutputColumn": false,
      "name": "SimilarityMethod",
      "alternateNames": [
        "ItemSimilarity"
      ],
      "isRequired": false,
      "rDescription": "The method used to calculate item similarity. The default is the Pearson correlation coefficient. Options include: Pearson (Pearson correlation coefficient), adjustedcosine (adjusted cosine similarity)",
      "description": " Specify the method for calculating item similarity: Option Description 'pearson' (Default) Pearson correlation coefficient: 'adjustedcosine' Adjusted cosine similarity:",
      "datatype": "STRING",
      "allowsLists": false,
      "rName": " item.similarity",
      "useInR": true,
      "rOrderNum": 9
    },
    {
      "permittedValues": [],
      "isOutputColumn": false,
      "matchLengthOfArgument": "",
      "allowPadding": true,
      "name": "UniqueId",
      "alternateNames": [
        "SequenceInputBy"
      ],
      "isRequired": false,
      "rDescription": "Specifies the LIST_VECTOR of column(s) that uniquely identifies each row of the input argument INPUT_ARG_NAME. The argument is used to ensure deterministic results for functions which produce results that vary from run to run.",
      "description": "Specifies the input column(s) that uniquely identify each row of input table. The format is 'input1:c1' where input1 refers to the alias used by the input table that contains such column named c1.",
      "datatype": "STRING",
      "allowsLists": true,
      "rName": "sequence.column",
      "useInR": true,
      "rOrderNum": 50
    }
  ]
}