{
  "json_schema_major_version": "1",
  "json_schema_minor_version": "2",
  "json_content_version": "1",
  "function_name": "LARS",
  "function_version": "1.9",
  "function_type": "driver",
  "function_alias_name": "LAR",
  "function_r_name": "aa.lars",
  "short_description": "This is a driver function which does LARS.",
  "long_description": "This function does linear regression model selection. It has two options: Least Angle Regression (LAR), and LASSO. The variables enter into (or leave) the linear regression model 'one at a time'. For LAR, the algorithm takes at most p steps to compute the whole path, where p is the total number of variables. LASSO may take a few more steps to reach the full OLS estimates.",
  "input_tables": [
    {
      "requiredInputKind": [],
      "isOrdered": false,
      "partitionByOne": false,
      "name": "InputTable",
      "alternateNames": [],
      "isRequired": true,
      "rDescription": " Specifies the name of the input table.",
      "description": " Specifies the name of the input table.",
      "datatype": "TABLE_NAME",
      "allowsLists": false,
      "rName": "data",
      "useInR": true,
      "rOrderNum": 1
    }
  ],
  "output_tables": [
    {
      "isOutputTable": true,
      "name": "OutputTable",
      "alternateNames": [],
      "isRequired": true,
      "rDescription": " Specifies the name of the output table.",
      "description": "Specify the name of the output table.",
      "datatype": "TABLE_NAME",
      "allowsLists": false,
      "rName": "output.table",
      "useInR": true,
      "rOrderNum": 100
    }
  ],
  "argument_clauses": [
    {
      "targetTable": [
        "InputTable"
      ],
      "checkDuplicate": true,
      "allowedTypes": [
        "boolean"
      ],
      "allowedTypeGroups": [
        "NUMERIC"
      ],
      "matchLengthOfArgument": "",
      "allowPadding": true,
      "name": "TargetColumns",
      "alternateNames": [
        "InputColumns"
      ],
      "isRequired": true,
      "rDescription": "Specifies the names of the columns of the input table that contain the response and predictors. The syntax of predictor_columns is: {col[,...] | [start_column:end_column]}[,...] where col is a column name and start_column and end_column are the column indexes of the first and last columns in a range of columns. The range includes start_column and end_column. The leftmost column has column index 0, the column to its immediate right has column index 1, and so on. Note: In a column range, brackets do not indicate optional elements. You must include the bracket characters (for example, '[2:6]'). Note: This function can take at most 799 response and predictor variables.",
      "description": "Specify the names of the columns of the input table that contain the response and predictors. This is the syntax of predictor_columns : col [,...] | [ start_column : end_column ]}[,...] where col is a column name and start_column and end_column are the column indexes of the first and last columns in a range of columns. The range includes start_column and end_column . The leftmost column has column index 0, the column to its immediate right has column index 1, and so on. Note: In a column range, brackets do not indicate optional elements. You must include the bracket characters (for example, '[2:6]'). This function can take at most 799 response and predictor variables.",
      "datatype": "COLUMN_NAMES",
      "allowsLists": true,
      "rName": "input.columns",
      "useInR": true,
      "rFormulaUsage": true,
      "rOrderNum": -1
    },
    {
      "permittedValues": [
        "LAR",
        "LASSO"
      ],
      "defaultValue": "LASSO",
      "isOutputColumn": false,
      "name": "FitMethod",
      "alternateNames": [
        "Method"
      ],
      "isRequired": false,
      "rDescription": " Specifies either 'lar' (least angle regression) or 'lasso'. The default value is 'lasso'.",
      "description": " Specify the method to use for linear regression. Default: 'lasso'",
      "datatype": "STRING",
      "allowsLists": false,
      "rName": "type",
      "useInR": true,
      "rOrderNum": 2
    },
    {
      "lowerBound": 0,
      "upperBound": 2147483647,
      "lowerBoundType": "EXCLUSIVE",
      "upperBoundType": "INCLUSIVE",
      "allowNaN": false,
      "name": "MaxIterNum",
      "alternateNames": [],
      "isRequired": false,
      "rDescription": "Specifies the maximum number of steps the function executes. The default value is 8*min(number_of_predictors, sample_size - intercept). For example, if the number of predictors is 11, the sample size (number of rows in the input table) is 1532, and the intercept is 1, then the default value is 8*min(11, 1532 - 1) = 88.",
      "description": " Specify the maximum number of steps the function runs. Default: 8*min( number_of_predictors , sample_size - intercept ). For example, if the number of predictors is 11, the sample size (number of rows in the input table) is 1532, and the intercept is 1, then the default value is 8*min(11, 1532 - 1) = 88.",
      "datatype": "INTEGER",
      "allowsLists": false,
      "rName": "max.steps ",
      "useInR": true,
      "rOrderNum": 3
    },
    {
      "defaultValue": true,
      "name": "Intercept",
      "alternateNames": [],
      "isRequired": false,
      "rDescription": "Specifies whether an intercept is included in the model (and not penalized). The default value is 'true'.",
      "description": " Specify whether an intercept is included in the model (and not penalized). Default: 'true'",
      "datatype": "BOOLEAN",
      "allowsLists": false,
      "rName": "intercept",
      "useInR": true,
      "rOrderNum": 5
    },
    {
      "defaultValue": true,
      "name": "L2Normalization",
      "alternateNames": [
        "Normalize"
      ],
      "isRequired": false,
      "rDescription": "Specifies whether each predictor is standardized to have unit L2 norm. The default value is 'true'.",
      "description": " Specify whether each predictor is standardized to have unit L2 norm. Default: 'true'",
      "datatype": "BOOLEAN",
      "allowsLists": false,
      "rName": "normalize",
      "useInR": true,
      "rOrderNum": 4
    },
    {
      "permittedValues": [],
      "isOutputColumn": false,
      "matchLengthOfArgument": "",
      "allowPadding": true,
      "name": "UniqueId",
      "alternateNames": [
        "SequenceInputBy"
      ],
      "isRequired": false,
      "rDescription": "Specifies the LIST_VECTOR of column(s) that uniquely identifies each row of the input argument INPUT_ARG_NAME. The argument is used to ensure deterministic results for functions which produce results that vary from run to run.",
      "description": "Specifies the input column(s) that uniquely identify each row of input table. The format is 'input1:c1' where input1 refers to the alias used by the input table that contains such column named c1.",
      "datatype": "STRING",
      "allowsLists": true,
      "rName": "sequence.column",
      "useInR": true,
      "rOrderNum": 50
    }
  ]
}