{
  "json_schema_major_version": "1",
  "json_schema_minor_version": "2",
  "json_content_version": "1",
  "function_name": "LARSPredict",
  "function_version": "1.4",
  "function_type": "non-driver",
  "function_alias_name": "LARPredict",
  "function_r_name": "aa.lars.predict",
  "ref_function_r_name": "aa.lars",
  "short_description": "This function makes predictions using the output model from lars",
  "long_description": "This function makes predictions using the output model from lars",
  "input_tables": [
    {
      "requiredInputKind": [
        "PartitionByAny"
      ],
      "isOrdered": false,
      "partitionByOne": false,
      "name": "InputTable",
      "alternateNames": [
        "data"
      ],
      "isRequired": true,
      "rDescription": "Specifies the data table for predict",
      "description": "Specifies the data table for predict",
      "datatype": "TABLE_ALIAS",
      "allowsLists": false,
      "rName": "newdata",
      "useInR": true,
      "rOrderNum": 2
    },
    {
      "requiredInputKind": [
        "Dimension"
      ],
      "isOrdered": false,
      "partitionByOne": false,
      "name": "model",
      "alternateNames": [],
      "isRequired": true,
      "rDescription": "Specifies the output model table from lars for predict",
      "description": "Specifies the output model table from lars for predict",
      "datatype": "TABLE_ALIAS",
      "allowsLists": false,
      "rName": "object",
      "useInR": true,
      "rOrderNum": 1
    }
  ],
  "argument_clauses": [
    {
      "targetTable": [
        "data"
      ],
      "checkDuplicate": true,
      "allowedTypes": [],
      "allowedTypeGroups": [
        "ALL"
      ],
      "matchLengthOfArgument": "",
      "allowPadding": true,
      "name": "ResponseColumn",
      "alternateNames": [
        "TargetCol"
      ],
      "isRequired": false,
      "rDescription": "Specifies the name of the response column in the input table (for prediction comparison). The sum-of-square error (SSE) for each prediction appears in the last row of the output table.",
      "description": " Specify the name of the response column in the input table (for prediction comparison).",
      "datatype": "COLUMNS",
      "allowsLists": true,
      "rName": "target.col",
      "useInR": true,
      "rOrderNum": 5
    },
    {
      "permittedValues": [
        "STEP",
        "FRACTION",
        "NORM",
        "LAMBDA"
      ],
      "defaultValue": "STEP",
      "isOutputColumn": false,
      "name": "CoefMode",
      "alternateNames": [
        "Mode"
      ],
      "isRequired": false,
      "rDescription": " Specifies the mode for the s argument: 'STEP' (default): The s argument indicates the steps corresponding to the steps in the model generated by the ta.lars function. The s argument can include any real values in [1, k], where k is the maximum step in the model, 'FRACTION': The s argument indicates the fractions of the L1 norm of the coefficients against the maximum L1 norm. The maximum L1 norm is that of the full OLS solution, which is the coefficients at the last step. The s argument can include any real values in [0, 1], 'NORM': The s argument indicates the L1 norm of the coefficients. The s argument can include any real values in [0, max L1 norm]. For maximum L1 norm, see above, 'LAMBDA': The s argument indicates the maximum absolute correlations. For definition,The s argument can include any real values.",
      "description": " Specify the mode for the CoefPositions argument, one of more of the following: Option Description 'STEP' (Default) CoefPositions argument indicates steps corresponding to steps in model output by LAR function. CoefPositions argument can include any real values in [1, k ], where k is maximum step in model. 'FRACTION' CoefPositions argument indicates fractions of L 1 norm of coefficients against maximum L 1 norm. Maximum L 1 norm is that of full OLS solution (coefficients at last step). CoefPositions argument can include any real values in [0, 1]. 'NORM' CoefPositions argument indicates L 1 norm of coefficients. CoefPositions argument can include any real values in [0, max L 1 norm]. For maximum L 1 norm, see above. 'LAMBDA' CoefPositions argument indicates maximum absolute correlations. For definition, see description of max_abs_corr in LAR Output. CoefPositions argument can include any real values.",
      "datatype": "STRING",
      "allowsLists": false,
      "rName": "mode",
      "useInR": true,
      "rOrderNum": 3
    },
    {
      "allowNaN": false,
      "matchLengthOfArgument": "",
      "allowPadding": true,
      "name": "CoefPositions",
      "alternateNames": [
        "S"
      ],
      "isRequired": false,
      "rDescription": "Specifies the positions of the coefficients at which to generate predictions. Each coefficient is a different DOUBLE PRECISION value in the range specified by the mode argument.",
      "description": " Specify the positions of the coefficients at which to create predictions. Each coefficient is a different DOUBLE PRECISION value in the range specified by the CoefMode argument.",
      "datatype": "DOUBLE",
      "allowsLists": true,
      "rName": "s",
      "useInR": true,
      "rOrderNum": 4
    },
    {
      "permittedValues": [],
      "isOutputColumn": false,
      "matchLengthOfArgument": "",
      "allowPadding": true,
      "name": "UniqueId",
      "alternateNames": [
        "SequenceInputBy"
      ],
      "isRequired": false,
      "rDescription": "Specifies the LIST_VECTOR of column(s) that uniquely identifies each row of the input argument INPUT_ARG_NAME. The argument is used to ensure deterministic results for functions which produce results that vary from run to run.",
      "description": "Specifies the input column(s) that uniquely identify each row of input table. The format is 'input1:c1' where input1 refers to the alias used by the input table that contains such column named c1.",
      "datatype": "STRING",
      "allowsLists": true,
      "rName": "sequence.column",
      "useInR": true,
      "rOrderNum": 50
    }
  ]
}