{
  "json_schema_major_version": "1",
  "json_schema_minor_version": "2",
  "json_content_version": "1",
  "function_name": "LDAInference",
  "function_version": "1.6",
  "function_type": "driver",
  "function_alias_name": "LDAInference",
  "function_r_name": "aa.lda.inference",
  "ref_function_r_name": "aa.lda",
  "short_description": "This function infers the topic distribution for the input.",
  "long_description": "The LDAInference function uses the model table from LDA Output to infer the topic distribution in a set of new documents. You can use the distribution for tasks such as classification and clustering. This function can be used with real-time applications. See AMLGenerator.",
  "input_tables": [
    {
      "requiredInputKind": [],
      "isOrdered": false,
      "partitionByOne": false,
      "name": "InputTable",
      "alternateNames": [],
      "isRequired": true,
      "rDescription": "Specifies the name of the table or view that contains the new documents.",
      "description": "Specifies the name of the table or view that contains the new documents.",
      "datatype": "TABLE_NAME",
      "allowsLists": false,
      "rName": "data",
      "useInR": true,
      "rOrderNum": 2
    },
    {
      "requiredInputKind": [],
      "isOrdered": false,
      "partitionByOne": false,
      "name": "Model",
      "alternateNames": [
        "ModelTable"
      ],
      "isRequired": true,
      "rDescription": "Specifies the name of the model table generated by the function.",
      "description": "Specifies the name of the model table generated by the function.",
      "datatype": "TABLE_NAME",
      "allowsLists": false,
      "rName": "object",
      "useInR": true,
      "rOrderNum": 1
    }
  ],
  "output_tables": [
    {
      "isOutputTable": true,
      "name": "OutputTable",
      "alternateNames": [],
      "isRequired": true,
      "rDescription": "Specifies the name of the output table that contains the topic distribution of each document in the input table, which the function creates in the database.This table must not already exist.",
      "description": "Specify the name of the output table that contains the topic distribution of each document in the input table, which the function creates in the database. This table must not already exist.",
      "datatype": "TABLE_NAME",
      "allowsLists": false,
      "rName": "doc.distribution.data",
      "useInR": true,
      "rOrderNum": 100
    }
  ],
  "argument_clauses": [
    {
      "targetTable": [
        "InputTable"
      ],
      "checkDuplicate": true,
      "allowedTypes": [],
      "allowedTypeGroups": [
        "DISTRIBUTIONTYPE"
      ],
      "requiredLength": 1,
      "matchLengthOfArgument": "",
      "allowPadding": true,
      "name": "DocIDColumn",
      "alternateNames": [],
      "isRequired": true,
      "rDescription": "Specifies the name of the input column that contains the document identifiers. ",
      "description": "Specify the name of the input column that contains the document identifiers.",
      "datatype": "COLUMN_NAMES",
      "allowsLists": false,
      "rName": "docid.column",
      "useInR": true,
      "rOrderNum": 3
    },
    {
      "targetTable": [
        "InputTable"
      ],
      "checkDuplicate": true,
      "allowedTypes": [],
      "allowedTypeGroups": [
        "STRING",
        "INTEGER"
      ],
      "requiredLength": 1,
      "matchLengthOfArgument": "",
      "allowPadding": true,
      "name": "WordColumn",
      "alternateNames": [],
      "isRequired": true,
      "rDescription": "Specifies the name of the input column that contains the words (one word in each row).",
      "description": "Specify the name of the input column that contains the words (one word in each row).",
      "datatype": "COLUMN_NAMES",
      "allowsLists": false,
      "rName": "word.column",
      "useInR": true,
      "rOrderNum": 4
    },
    {
      "targetTable": [
        "InputTable"
      ],
      "checkDuplicate": true,
      "allowedTypes": [],
      "allowedTypeGroups": [
        "NUMERIC"
      ],
      "requiredLength": 1,
      "matchLengthOfArgument": "",
      "allowPadding": true,
      "name": "CountColumn",
      "alternateNames": [],
      "isRequired": false,
      "rDescription": " Specifies the name of the input column that contains the count of the corresponding word in the row, a NUMERIC value.",
      "description": " Specify the name of the input column that contains the count of the corresponding word in the row. The count is a NUMERIC value whose default value is 1.",
      "datatype": "COLUMN_NAMES",
      "allowsLists": false,
      "rName": "count.column",
      "useInR": true,
      "rOrderNum": 5
    },
    {
      "permittedValues": [],
      "defaultValue": "all",
      "isOutputColumn": false,
      "name": "OutputTopicNum",
      "alternateNames": [],
      "isRequired": false,
      "rDescription": "Specifies the number of top-weighted topics and their weights to include in the output table for each training document. The value topics must be a positive INTEGER. The default value, 'all', specifies all topics and their weights.",
      "description": " Specify the number of top-weighted topics and their weights to include in the output table for each training document. The default value, 'all', specifies all topics and their weights. The value num_topics must be a positive integer.",
      "datatype": "STRING",
      "allowsLists": false,
      "rName": "out.topicnum",
      "useInR": true,
      "rOrderNum": 6
    },
    {
      "permittedValues": [],
      "defaultValue": "none",
      "isOutputColumn": false,
      "name": "OutputTopicWordNum",
      "alternateNames": [],
      "isRequired": false,
      "rDescription": "Specifies the number of top topic words and their topic identifiers to include in the output table for each training document. The value topic_words must be a positive INTEGER. The value 'all' specifies all topic words and their topic identifiers. The default value, 'none', specifies no topic words or topic identifiers.",
      "description": " Specify the number of top topic words and their topic identifiers to include in the output table for each training document. The default value, 'none', specifies no topic words or topic identifiers. The value 'all' specifies all topic words and their topic identifiers. The value num_topic_words must be a positive integer.",
      "datatype": "STRING",
      "allowsLists": false,
      "rName": "out.topicwordnum",
      "useInR": true,
      "rOrderNum": 7
    },
    {
      "permittedValues": [],
      "isOutputColumn": false,
      "matchLengthOfArgument": "",
      "allowPadding": true,
      "name": "UniqueId",
      "alternateNames": [
        "SequenceInputBy"
      ],
      "isRequired": false,
      "rDescription": "Specifies the LIST_VECTOR of column(s) that uniquely identifies each row of the input argument INPUT_ARG_NAME. The argument is used to ensure deterministic results for functions which produce results that vary from run to run.",
      "description": "Specifies the input column(s) that uniquely identify each row of input table. The format is 'input1:c1' where input1 refers to the alias used by the input table that contains such column named c1.",
      "datatype": "STRING",
      "allowsLists": true,
      "rName": "sequence.column",
      "useInR": true,
      "rOrderNum": 50
    }
  ]
}