{
  "json_schema_major_version": "1",
  "json_schema_minor_version": "2",
  "json_content_version": "1",
  "function_name": "LocalClusteringCoefficient",
  "function_version": "1.2",
  "function_type": "graph",
  "function_alias_name": "LocalClusteringCoefficient",
  "function_r_name": "aa.local.clustering.coefficient",
  "short_description": "Graph function to calculate the local clustering coefficient of a network.",
  "long_description": "The clustering coefficient, introduced by Watts and Strogatz in the context of binary undirected graphs, is frequently used for analyzing the structure of a network. The LocalClusteringCoefficient function extends the clustering coefficient to directed and weighted graphs. The LocalClusteringCoefficient function is based on the paper For general information about the clustering coefficient, see",
  "input_tables": [
    {
      "requiredInputKind": [
        "PartitionByKey"
      ],
      "isOrdered": false,
      "partitionByOne": false,
      "name": "vertices",
      "alternateNames": [],
      "isRequired": true,
      "rDescription": "The input table contains vertices in the graph. ",
      "description": "The input table contains vertices in the graph. ",
      "datatype": "TABLE_ALIAS",
      "allowsLists": false,
      "rName": "vertices.data",
      "useInR": true,
      "rOrderNum": 1
    },
    {
      "requiredInputKind": [
        "PartitionByKey"
      ],
      "isOrdered": false,
      "partitionByOne": false,
      "name": "edges",
      "alternateNames": [],
      "isRequired": true,
      "rDescription": "The input table contains edges in the graph.",
      "description": "The input table contains edges in the graph.",
      "datatype": "TABLE_ALIAS",
      "allowsLists": false,
      "rName": "edges.data",
      "useInR": true,
      "rOrderNum": 2
    }
  ],
  "argument_clauses": [
    {
      "targetTable": [
        "edges"
      ],
      "checkDuplicate": true,
      "allowedTypes": [],
      "allowedTypeGroups": [
        "ALL"
      ],
      "matchLengthOfArgument": "",
      "allowPadding": true,
      "name": "TargetKey",
      "alternateNames": [],
      "isRequired": true,
      "rDescription": "Specifies the key of the target vertex of an edge. The key consists of one or more edges table column names.",
      "description": "Specify the key of the target vertex of an edge. The key consists of one or more edges table column names.",
      "datatype": "COLUMNS",
      "allowsLists": true,
      "rName": "target.key",
      "useInR": true,
      "rOrderNum": 3
    },
    {
      "targetTable": [
        "edges"
      ],
      "checkDuplicate": true,
      "allowedTypes": [],
      "allowedTypeGroups": [
        "NUMERIC"
      ],
      "requiredLength": 1,
      "matchLengthOfArgument": "",
      "allowPadding": true,
      "name": "EdgeWeight",
      "alternateNames": [],
      "isRequired": false,
      "rDescription": "Specifies the name of the edges table column that contains the edge weights. Each edge weight is a positive value in the range (0-1]. By default, the function treats the input graph as unweighted. ",
      "description": " Specify the name of the edges table column that contains the edge weights. Each edge weight is a positive value in the range (0-1]. Default behavior: The function treats the input graph as unweighted.",
      "datatype": "COLUMNS",
      "allowsLists": false,
      "rName": "edge.weight",
      "useInR": true,
      "rOrderNum": 5
    },
    {
      "targetTable": [
        "vertices"
      ],
      "checkDuplicate": true,
      "allowedTypes": [],
      "allowedTypeGroups": [
        "ALL"
      ],
      "matchLengthOfArgument": "",
      "allowPadding": true,
      "name": "Accumulate",
      "alternateNames": [],
      "isRequired": false,
      "rDescription": "Specifies the names of the vertices table columns to copy to the output table.",
      "description": " Specify the names of the vertices table columns to copy to the output table.",
      "datatype": "COLUMNS",
      "allowsLists": true,
      "rName": "accumulate",
      "useInR": true,
      "rOrderNum": 7
    },
    {
      "defaultValue": false,
      "name": "Directed",
      "alternateNames": [],
      "isRequired": false,
      "rDescription": "Specifies whether the graph is directed. The default value is 'false'. ",
      "description": " Specify whether the graph is directed. Default: 'false'",
      "datatype": "BOOLEAN",
      "allowsLists": false,
      "rName": "directed",
      "useInR": true,
      "rOrderNum": 4
    },
    {
      "permittedValues": [],
      "isOutputColumn": false,
      "name": "DegreeRange",
      "alternateNames": [],
      "isRequired": false,
      "rDescription": "Specifies the edge degree range\u2014at least min and at most max ([min:max]), at least min ([min:]), or at most max ([:max]). The min and max must be positive integers. The function outputs only nodes with degrees in the specified range. By default, the function outputs all nodes.",
      "description": " Specify the edge degree range\u2014at least min and at most max ( [ min : max ] ), at least min ( [ min :] ), or at most max ( [: max ] ). The min and max must be positive integers. The function outputs only nodes with degrees in the specified range. Default behavior: The function outputs all nodes.",
      "datatype": "STRING",
      "allowsLists": false,
      "rName": "degree.range",
      "useInR": true,
      "rOrderNum": 6
    },
    {
      "permittedValues": [],
      "isOutputColumn": false,
      "matchLengthOfArgument": "",
      "allowPadding": true,
      "name": "UniqueId",
      "alternateNames": [
        "SequenceInputBy"
      ],
      "isRequired": false,
      "rDescription": "Specifies the LIST_VECTOR of column(s) that uniquely identifies each row of the input argument INPUT_ARG_NAME. The argument is used to ensure deterministic results for functions which produce results that vary from run to run.",
      "description": "Specifies the input column(s) that uniquely identify each row of input table. The format is 'input1:c1' where input1 refers to the alias used by the input table that contains such column named c1.",
      "datatype": "STRING",
      "allowsLists": true,
      "rName": "sequence.column",
      "useInR": true,
      "rOrderNum": 50
    }
  ]
}