{
  "json_schema_major_version": "1",
  "json_schema_minor_version": "2",
  "json_content_version": "1",
  "function_name": "LRTEST",
  "function_version": "1.3",
  "function_type": "non-driver",
  "function_alias_name": "LikelihoodRatioTest",
  "function_r_name": "aa.lr.test",
  "ref_function_r_name": "aa.glm",
  "short_description": "This function computes the likelihood ratio test for two models on the same input data.",
  "long_description": "This function computes the likelihood ratio test for two models on the same input data.",
  "partner_function": "aa.glm",
  "input_tables": [
    {
      "requiredInputKind": [
        "PartitionByKey"
      ],
      "isOrdered": false,
      "partitionByOne": true,
      "name": "FirstModel",
      "alternateNames": [
        "model1"
      ],
      "isRequired": true,
      "rDescription": "The table containing the first model to compare.",
      "description": "The table containing the first model to compare.",
      "datatype": "TABLE_ALIAS",
      "allowsLists": false,
      "rName": "model1.data",
      "useInR": true,
      "rOrderNum": 1
    },
    {
      "requiredInputKind": [
        "PartitionByKey"
      ],
      "isOrdered": false,
      "partitionByOne": true,
      "name": "SecondModel",
      "alternateNames": [
        "model2"
      ],
      "isRequired": true,
      "rDescription": "The table containing the second model to compare.",
      "description": "The table containing the second model to compare.",
      "datatype": "TABLE_ALIAS",
      "allowsLists": false,
      "rName": "model2.data",
      "useInR": true,
      "rOrderNum": 2
    }
  ],
  "argument_clauses": [
    {
      "targetTable": [
        "model1"
      ],
      "checkDuplicate": true,
      "allowedTypes": [],
      "allowedTypeGroups": [
        "ALL"
      ],
      "requiredLength": 1,
      "matchLengthOfArgument": "",
      "allowPadding": true,
      "name": "Statistic",
      "alternateNames": [],
      "isRequired": true,
      "rDescription": "Specifies the name of the input column that contains the name of the statistic. This column\tcorresponds to the ta.glm output column 'predictor'.",
      "description": "Specify the name of the input column that contains the name of the statistic. This column corresponds to the GLM output column predictor.",
      "datatype": "COLUMNS",
      "allowsLists": false,
      "rName": "statistic",
      "useInR": true,
      "rOrderNum": 3
    },
    {
      "targetTable": [
        "model1"
      ],
      "checkDuplicate": true,
      "allowedTypes": [],
      "allowedTypeGroups": [
        "ALL"
      ],
      "requiredLength": 1,
      "matchLengthOfArgument": "",
      "allowPadding": true,
      "name": "LogLik",
      "alternateNames": [],
      "isRequired": true,
      "rDescription": "Specifies the name of the input column that contains the log-likelihood of the ta.glm model. This column corresponds to the ta.glm output column 'estimate'.",
      "description": "Specify the name of the input column that contains the log-likelihood of the GLM model. This column corresponds to the GLM output column estimate.",
      "datatype": "COLUMNS",
      "allowsLists": false,
      "rName": "log.lik",
      "useInR": true,
      "rOrderNum": 4
    },
    {
      "targetTable": [
        "model1"
      ],
      "checkDuplicate": true,
      "allowedTypes": [],
      "allowedTypeGroups": [
        "ALL"
      ],
      "requiredLength": 1,
      "matchLengthOfArgument": "",
      "allowPadding": true,
      "name": "ObsNum",
      "alternateNames": [],
      "isRequired": true,
      "rDescription": "Specifies the name of the input column that contains the number of observations. This column corresponds to the ta.glm output column 'std_err'.",
      "description": "Specify the name of the input column that contains the number of observations. This column corresponds to the GLM output column std_err.",
      "datatype": "COLUMNS",
      "allowsLists": false,
      "rName": "obs.num",
      "useInR": true,
      "rOrderNum": 5
    },
    {
      "targetTable": [
        "model1"
      ],
      "checkDuplicate": true,
      "allowedTypes": [],
      "allowedTypeGroups": [
        "ALL"
      ],
      "requiredLength": 1,
      "matchLengthOfArgument": "",
      "allowPadding": true,
      "name": "ParamNum",
      "alternateNames": [],
      "isRequired": true,
      "rDescription": "Specifies the name of the input column that contains the number of parameters (excluding the intercept). This column corresponds to the ta.glm output column 'z_score'.",
      "description": "Specify the name of the input column that contains the number of parameters (excluding the intercept). This column corresponds to the GLM output column z_score.",
      "datatype": "COLUMNS",
      "allowsLists": false,
      "rName": "param.num",
      "useInR": true,
      "rOrderNum": 6
    },
    {
      "permittedValues": [],
      "isOutputColumn": false,
      "matchLengthOfArgument": "",
      "allowPadding": true,
      "name": "UniqueId",
      "alternateNames": [
        "SequenceInputBy"
      ],
      "isRequired": false,
      "rDescription": "Specifies the LIST_VECTOR of column(s) that uniquely identifies each row of the input argument INPUT_ARG_NAME. The argument is used to ensure deterministic results for functions which produce results that vary from run to run.",
      "description": "Specifies the input column(s) that uniquely identify each row of input table. The format is 'input1:c1' where input1 refers to the alias used by the input table that contains such column named c1.",
      "datatype": "STRING",
      "allowsLists": true,
      "rName": "sequence.column",
      "useInR": true,
      "rOrderNum": 50
    }
  ]
}