{
  "json_schema_major_version": "1",
  "json_schema_minor_version": "2",
  "json_content_version": "1",
  "function_name": "NaiveBayesTextClassifierInternal",
  "function_version": "1.6",
  "function_type": "non-driver",
  "function_alias_name": "NaiveBayesTextClassifierInternal",
  "short_description": "Build a naive bayes text classifier.",
  "long_description": "Build a naive bayes text classifier.",
  "partner_function": "NaiveBayesTextClassifierTrainer",
  "input_tables": [
    {
      "requiredInputKind": [
        "PartitionByKey"
      ],
      "isOrdered": false,
      "partitionByOne": false,
      "name": "InputTable",
      "alternateNames": [
        "input"
      ],
      "isRequired": true,
      "rDescription": "The table defining the training tokens.",
      "description": "The table defining the training tokens.",
      "datatype": "TABLE_ALIAS",
      "allowsLists": false,
      "rName": "data",
      "useInR": true,
      "rOrderNum": 0
    },
    {
      "requiredInputKind": [
        "Dimension"
      ],
      "isOrdered": false,
      "partitionByOne": false,
      "name": "stopwords",
      "alternateNames": [],
      "isRequired": false,
      "rDescription": "The table defining stop words.",
      "description": "The table defining stop words.",
      "datatype": "TABLE_ALIAS",
      "allowsLists": false,
      "rName": "stopwords",
      "useInR": true,
      "rOrderNum": 0
    },
    {
      "requiredInputKind": [
        "Dimension"
      ],
      "isOrdered": false,
      "partitionByOne": false,
      "name": "CategoriesTable",
      "alternateNames": [
        "categories"
      ],
      "isRequired": false,
      "rDescription": "The table defining allowed categories.",
      "description": "The table defining allowed categories.",
      "datatype": "TABLE_ALIAS",
      "allowsLists": false,
      "rName": "categories",
      "useInR": true,
      "rOrderNum": 0
    }
  ],
  "argument_clauses": [
    {
      "targetTable": [
        "input"
      ],
      "checkDuplicate": true,
      "allowedTypes": [],
      "allowedTypeGroups": [
        "STRING"
      ],
      "requiredLength": 1,
      "matchLengthOfArgument": "",
      "allowPadding": true,
      "name": "TokenColumn",
      "alternateNames": [],
      "isRequired": true,
      "rDescription": "Specifies the name of the token_table column that contains the tokens to be classified.",
      "description": "Specify the name of the token_table column that contains the tokens to classify.",
      "datatype": "COLUMNS",
      "allowsLists": false,
      "rName": "token.column",
      "useInR": true,
      "rOrderNum": 0
    },
    {
      "targetTable": [
        "input"
      ],
      "checkDuplicate": true,
      "allowedTypes": [],
      "allowedTypeGroups": [
        "STRING"
      ],
      "requiredLength": 1,
      "matchLengthOfArgument": "",
      "allowPadding": true,
      "name": "DocCategoryColumn",
      "alternateNames": [],
      "isRequired": true,
      "rDescription": " Specifies the name of the token_table column that contains the document category.",
      "description": "Specify the name of the token_table column that contains the document category.",
      "datatype": "COLUMNS",
      "allowsLists": false,
      "rName": "doc.category.column",
      "useInR": true,
      "rOrderNum": 0
    },
    {
      "targetTable": [
        "input"
      ],
      "checkDuplicate": true,
      "allowedTypes": [],
      "allowedTypeGroups": [
        "STRING",
        "INTEGER"
      ],
      "matchLengthOfArgument": "",
      "allowPadding": true,
      "name": "DocIdColumns",
      "alternateNames": [],
      "isRequired": false,
      "rDescription": "Specifies the names of the token_table columns that contain the document identifier.",
      "description": "Specifies the names of the token_table columns that contain the document identifier.",
      "datatype": "COLUMNS",
      "allowsLists": true,
      "rName": "doc.id.columns",
      "useInR": true,
      "rOrderNum": 0
    },
    {
      "targetTable": [
        "categories"
      ],
      "checkDuplicate": true,
      "allowedTypes": [],
      "allowedTypeGroups": [
        "STRING"
      ],
      "defaultValues": [
        "[0:0]"
      ],
      "requiredLength": 1,
      "matchLengthOfArgument": "",
      "allowPadding": true,
      "name": "CategoryColumn",
      "alternateNames": [],
      "isRequired": false,
      "rDescription": " Specifies the name of the categories_table column that contains the prediction categories. The default value is the first column of categories_table.",
      "description": " Use only if you specify categories_table . Specify the name of the categories_table column that contains the prediction categories to use in the model. Default: First column of categories_table If you omit both categories_table and CategoryColumn, the function uses all categories specified by DocCategoryColumn.",
      "datatype": "COLUMNS",
      "allowsLists": false,
      "rName": "category.column",
      "useInR": true,
      "rOrderNum": 0
    },
    {
      "targetTable": [
        "stopwords"
      ],
      "checkDuplicate": true,
      "allowedTypes": [],
      "allowedTypeGroups": [
        "STRING"
      ],
      "requiredLength": 1,
      "matchLengthOfArgument": "",
      "allowPadding": true,
      "name": "StopwordsColumn",
      "alternateNames": [],
      "isRequired": false,
      "rDescription": "Specifies the name of the stop_words_table column that contains the stop words. The default value is the first column of stop_words_table.",
      "description": " Specify the name of the stop_words_table column that contains the stop words. Default: First column of stop_words_table",
      "datatype": "COLUMNS",
      "allowsLists": false,
      "rName": "stopwords.column",
      "useInR": true,
      "rOrderNum": 0
    },
    {
      "permittedValues": [
        "MULTINOMIAL",
        "BERNOULLI"
      ],
      "defaultValue": "MULTINOMIAL",
      "isOutputColumn": false,
      "name": "ModelType",
      "alternateNames": [],
      "isRequired": false,
      "rDescription": "Specifies the model type of the text classifier. The default value is 'Multinomial'. The formulas for the two model types follow this table.",
      "description": " Specify the model type of the text classifier. Default: 'Multinomial'. See the sections that follow this table.",
      "datatype": "STRING",
      "allowsLists": false,
      "rName": "model.type",
      "useInR": true,
      "rOrderNum": 0
    },
    {
      "permittedValues": [],
      "isOutputColumn": false,
      "matchLengthOfArgument": "",
      "allowPadding": true,
      "name": "PredictionCategories",
      "alternateNames": [],
      "isRequired": false,
      "rDescription": "Specifies the prediction categories. Note: Specify either this argument or the categories_table, but not both.",
      "description": "Specifies the prediction categories. Note: Specify either this argument or the categories_table, but not both.",
      "datatype": "STRING",
      "allowsLists": true,
      "rName": "prediction.categories",
      "useInR": true,
      "rOrderNum": 0
    },
    {
      "permittedValues": [],
      "isOutputColumn": false,
      "matchLengthOfArgument": "",
      "allowPadding": true,
      "name": "StopwordsList",
      "alternateNames": [],
      "isRequired": false,
      "rDescription": "Specifies words to ignore (such as a, an, and the). Note: Specify either this argument or the stop_words_table, but not both.",
      "description": "Specifies words to ignore (such as a, an, and the). Note: Specify either this argument or the stop_words_table, but not both.",
      "datatype": "STRING",
      "allowsLists": true,
      "rName": "stopwords.list",
      "useInR": true,
      "rOrderNum": 0
    },
    {
      "permittedValues": [],
      "isOutputColumn": false,
      "matchLengthOfArgument": "",
      "allowPadding": true,
      "name": "UniqueId",
      "alternateNames": [
        "SequenceInputBy"
      ],
      "isRequired": false,
      "rDescription": "Specifies the LIST_VECTOR of column(s) that uniquely identifies each row of the input argument INPUT_ARG_NAME. The argument is used to ensure deterministic results for functions which produce results that vary from run to run.",
      "description": "Specifies the input column(s) that uniquely identify each row of input table. The format is 'input1:c1' where input1 refers to the alias used by the input table that contains such column named c1.",
      "datatype": "STRING",
      "allowsLists": true,
      "rName": "sequence.column",
      "useInR": true,
      "rOrderNum": 50
    }
  ]
}