{
  "json_schema_major_version": "1",
  "json_schema_minor_version": "2",
  "json_content_version": "1",
  "function_name": "NaiveBayesTextClassifierTrainer",
  "function_version": "1.8",
  "function_type": "non-driver",
  "function_alias_name": "NaiveBayesTextClassifierTrainer",
  "function_r_name": "aa.naivebayes.textclassifier.train",
  "short_description": "Trains a naive Bayes text classifier model.",
  "long_description": "The NaiveBayesTextClassifierTrainer function takes training data as input and outputs a model table.",
  "partner_function": "NaiveBayesTextClassifierPredict",
  "input_tables": [
    {
      "requiredInputKind": [
        "PartitionByKey"
      ],
      "isOrdered": false,
      "partitionByOne": true,
      "name": "input",
      "alternateNames": [],
      "isRequired": true,
      "rDescription": "The table is the output of NaiveBayesTextClassifierInternal.",
      "description": "The table is the output of NaiveBayesTextClassifierInternal.",
      "datatype": "TABLE_ALIAS",
      "allowsLists": false,
      "rName": "model",
      "useInR": true,
      "rOrderNum": 0
    }
  ]
}