{
  "json_schema_major_version": "1",
  "json_schema_minor_version": "1",
  "json_content_version": "1",
  "function_name": "Pack",
  "function_version": "1.0",
  "function_alias_name": "Pack",
  "function_type": "fastpath",
  "function_r_name": "aa.pack",
  "short_description": "Packs data across several columns into a single data column.",
  "long_description": "Reverse of the unpack function.  Packs data across several columns into a single data column.",
  "input_tables": [
    {
      "requiredInputKind": [
        "PartitionByAny"
      ],
      "isOrdered": false,
      "partitionByOne": false,
      "name": "input",
      "alternateNames": [],
      "isRequired": true,
      "rDescription": "The table containing the input attributes.",
      "description": "The table containing the input attributes.",
      "datatype": "TABLE_ALIAS",
      "allowsLists": false,
      "rName": "data",
      "useInR": true,
      "rOrderNum": 1
    }
  ],
  "argument_clauses": [
    {
      "targetTable": [
        "input"
      ],
      "checkDuplicate": false,
      "allowedTypes": [],
      "allowedTypeGroups": [
        "ALL"
      ],
      "matchLengthOfArgument": "",
      "allowPadding": false,
      "name": "TargetColumn",
      "alternateNames": ["InputColumns"],
      "isRequired": false,
      "rDescription": "Specifies the names of the input columns to pack into a single output column. These names become the column names of the virtual columns. By default, all input table columns are packed into a single output column. If you specify this argument, but do not specify all input table columns, the function copies the unspecified input tablecolumns to the output table.",
      "description": "Specifies the names of the input columns to pack into a single output column. These names become the column names of the virtual columns. By default, all input table columns are packed into a single output column. If you specify this argument, but do not specify all input table columns, the function copies the unspecified input tablecolumns to the output table.",
      "datatype": "COLUMNS",
      "allowsLists": true,
      "rName": "input.columns",
      "useInR": true,
      "rOrderNum": 2
    },
    {
      "permittedValues": [],
      "isOutputColumn": true,
      "name": "OutputColumn",
      "alternateNames": [],
      "isRequired": true,
      "rDescription": " Specifies the name to give to the packed output column.",
      "description": " Specifies the name to give to the packed output column.",
      "datatype": "STRING",
      "allowsLists": false,
      "rName": "output.column",
      "useInR": true,
      "rOrderNum": 3
    },
    {
      "permittedValues": [],
      "defaultValue": ",",
      "isOutputColumn": false,
      "name": "Delimiter",
      "alternateNames": [],
      "isRequired": false,
      "rDescription": "Specifies the delimiter (a string) that separates the virtual columns in the packed data. The default delimiter is comma (,).",
      "description": "Specifies the delimiter (a string) that separates the virtual columns in the packed data. The default delimiter is comma (,).",
      "datatype": "STRING",
      "allowsLists": false,
      "rName": "delimiter",
      "useInR": true,
      "rOrderNum": 4
    },
    {
      "defaultValue": true,
      "name": "IncludeColumnName",
      "alternateNames": [],
      "isRequired": false,
      "rDescription": " Specifies whether to label each virtual column value with its column name (making the virtual column 'input_column:value'). The default value is 'true'.",
      "description": " Specifies whether to label each virtual column value with its column name (making the virtual column 'input_column:value'). The default value is 'true'.",
      "datatype": "BOOLEAN",
      "allowsLists": false,
      "rName": " include.column.name",
      "useInR": true,
      "rOrderNum": 5
    }
  ]
}
