{
  "json_schema_major_version": "1",
  "json_schema_minor_version": "2",
  "json_content_version": "1",
  "function_name": "Path_Summarizer",
  "function_version": "1.11",
  "function_type": "non-driver",
  "function_alias_name": "PathSummarizer",
  "function_r_name": "aa.path.summary",
  "ref_function_r_name": "aa.path.generator",
  "short_description": "This function is used to sum counts on each branch in a path",
  "long_description": "This function takes as input data from the output of pathM and is used to sum counts to each branch in a path as well as exit paths.",
  "partner_function": "aa.path_generator",
  "input_tables": [
    {
      "requiredInputKind": [
        "PartitionByKey"
      ],
      "isOrdered": false,
      "partitionByOne": false,
      "name": "input",
      "alternateNames": [],
      "isRequired": true,
      "rDescription": "The name of the table containing the input data.",
      "description": "The name of the table containing the input data.",
      "datatype": "TABLE_ALIAS",
      "allowsLists": false,
      "rName": "object",
      "useInR": true,
      "rOrderNum": 1
    }
  ],
  "argument_clauses": [
    {
      "targetTable": [
        "input"
      ],
      "checkDuplicate": true,
      "allowedTypes": [],
      "allowedTypeGroups": [
        "STRING"
      ],
      "requiredLength": 1,
      "matchLengthOfArgument": "",
      "allowPadding": true,
      "name": "SeqColumn",
      "alternateNames": [],
      "isRequired": true,
      "rDescription": "Specifies the name of the input table column that contains the paths.",
      "description": "Specify the name of the input table column that contains the paths.",
      "datatype": "COLUMNS",
      "allowsLists": false,
      "rName": "seq.column",
      "useInR": true,
      "rOrderNum": 4
    },
    {
      "targetTable": [
        "input"
      ],
      "checkDuplicate": true,
      "allowedTypes": [],
      "allowedTypeGroups": [
        "STRING"
      ],
      "requiredLength": 1,
      "matchLengthOfArgument": "",
      "allowPadding": true,
      "name": "PrefixColumn",
      "alternateNames": [],
      "isRequired": true,
      "rDescription": "Specifies the name of the input column that contains the node prefixes.",
      "description": "Specify the name of the input column that contains the node prefixes.",
      "datatype": "COLUMNS",
      "allowsLists": false,
      "rName": "prefix.column",
      "useInR": true,
      "rOrderNum": 7
    },
    {
      "targetTable": [
        "input"
      ],
      "checkDuplicate": true,
      "allowedTypes": [],
      "allowedTypeGroups": [
        "INTEGER"
      ],
      "requiredLength": 1,
      "matchLengthOfArgument": "",
      "allowPadding": true,
      "name": "CountColumn",
      "alternateNames": [],
      "isRequired": false,
      "rDescription": "Specifies the name of the input table column that contains the number of times a path was traveled.",
      "description": " Specify the name of the input table column that contains the number of times a path was traveled. Default: 1",
      "datatype": "COLUMNS",
      "allowsLists": false,
      "rName": "count.column",
      "useInR": true,
      "rOrderNum": 2
    },
    {
      "permittedValues": [],
      "isOutputColumn": true,
      "matchLengthOfArgument": "",
      "allowPadding": true,
      "name": "PartitionNames",
      "alternateNames": [],
      "isRequired": true,
      "rDescription": "Lists the names of the columns that the partition.columns clause specifies. The function uses these names for output table columns. This argument and the partition.columns clause must specify the same names in the same order.",
      "description": "Specify the names of the columns that the PARTITION BY clause specifies. The function uses these names for output table columns. This argument and the PARTITION BY clause must specify the same names in the same order.",
      "datatype": "STRING",
      "allowsLists": true,
      "rName": "partition.names",
      "useInR": true,
      "rOrderNum": 5
    },
    {
      "defaultValue": false,
      "name": "HashCode",
      "alternateNames": [
        "Hash"
      ],
      "isRequired": false,
      "rDescription": "Specifies whether to include the hash code of the node in the output table. The default value is 'false'.",
      "description": " Specify whether to include the hash code of the node in the output table. Default: 'false'",
      "datatype": "BOOLEAN",
      "allowsLists": false,
      "rName": "hash",
      "useInR": true,
      "rOrderNum": 6
    },
    {
      "permittedValues": [],
      "defaultValue": ",",
      "isOutputColumn": false,
      "name": "Delimiter",
      "alternateNames": [],
      "isRequired": false,
      "rDescription": "Specifies the single-character delimiter that separates symbols in the path string. The default value is comma (','). Note: Do not use any of the following characters as delimiter (they cause the function to fail):  Asterisk (*), Plus (+), Left parenthesis ((), Right parenthesis ()), Single quotation mark ('), Escaped single quotation mark ('), Backslash ('')",
      "description": " Specify the single-character delimiter that separates symbols in the path string. Note: Do not use any of the following characters as delimiter (they cause the function to fail): Asterisk ( * ) Plus ( + ) Left parenthesis ( ( ) Right parenthesis ( ) ) Single quotation mark ( ' ) Escaped single quotation mark ( \\' ) Backslash ( \\ ) Default: ',' (comma)",
      "datatype": "STRING",
      "allowsLists": false,
      "rName": "delimiter",
      "useInR": true,
      "rOrderNum": 3
    },
    {
      "permittedValues": [],
      "isOutputColumn": false,
      "matchLengthOfArgument": "",
      "allowPadding": true,
      "name": "UniqueId",
      "alternateNames": [
        "SequenceInputBy"
      ],
      "isRequired": false,
      "rDescription": "Specifies the LIST_VECTOR of column(s) that uniquely identifies each row of the input argument INPUT_ARG_NAME. The argument is used to ensure deterministic results for functions which produce results that vary from run to run.",
      "description": "Specifies the input column(s) that uniquely identify each row of input table. The format is 'input1:c1' where input1 refers to the alias used by the input table that contains such column named c1.",
      "datatype": "STRING",
      "allowsLists": true,
      "rName": "sequence.column",
      "useInR": true,
      "rOrderNum": 50
    }
  ]
}