{
  "json_schema_major_version": "1",
  "json_schema_minor_version": "2",
  "json_content_version": "1",
  "function_name": "PCA_Reduce",
  "function_version": "1.7",
  "function_type": "non-driver",
  "function_alias_name": "PCAReduce",
  "function_r_name": "aa.pca",
  "short_description": "Computes the principal components of an input matrix.",
  "long_description": "Computes the principal components of an input matrix.",
  "function_operation": "reduce",
  "partner_function": "Pca_Map",
  "expected_partition_column": "1",
  "input_tables": [
    {
      "requiredInputKind": [
        "PartitionByKey"
      ],
      "isOrdered": false,
      "partitionByOne": true,
      "name": "input",
      "alternateNames": [],
      "isRequired": true,
      "rDescription": "The tables contains the attributes that the PCA algorithm will analyze.",
      "description": "The tables contains the attributes that the PCA algorithm will analyze.",
      "datatype": "TABLE_ALIAS",
      "allowsLists": false,
      "rName": "data",
      "useInR": true,
      "rOrderNum": 0
    }
  ],
  "argument_clauses": [
    {
      "lowerBound": 1,
      "upperBound": 2147483647,
      "lowerBoundType": "INCLUSIVE",
      "upperBoundType": "INCLUSIVE",
      "allowNaN": false,
      "name": "Components",
      "alternateNames": [],
      "isRequired": false,
      "rDescription": "Specifies the number of principal components to return (an integer). If num_components is k, then the function returns the top k components. By default, the function returns every principle component.",
      "description": " Specify the number of principal components to return (an integer). If num_components is k , then the function returns the top k components. Default: Every principal component",
      "datatype": "INTEGER",
      "allowsLists": false,
      "rName": "components",
      "useInR": true,
      "rOrderNum": 0
    },
    {
      "permittedValues": [],
      "isOutputColumn": false,
      "matchLengthOfArgument": "",
      "allowPadding": true,
      "name": "UniqueId",
      "alternateNames": [
        "SequenceInputBy"
      ],
      "isRequired": false,
      "rDescription": "Specifies the LIST_VECTOR of column(s) that uniquely identifies each row of the input argument INPUT_ARG_NAME. The argument is used to ensure deterministic results for functions which produce results that vary from run to run.",
      "description": "Specifies the input column(s) that uniquely identify each row of input table. The format is 'input1:c1' where input1 refers to the alias used by the input table that contains such column named c1.",
      "datatype": "STRING",
      "allowsLists": true,
      "rName": "sequence.column",
      "useInR": true,
      "rOrderNum": 50
    }
  ]
}