{
  "json_schema_major_version": "1",
  "json_schema_minor_version": "2",
  "json_content_version": "1",
  "function_name": "PCAPlot",
  "function_version": "1.2",
  "function_type": "non-driver",
  "function_alias_name": "PCAScore",
  "function_r_name": "aa.pca.plot",
  "ref_function_r_name": "aa.pca",
  "short_description": "Converts input data to the basis generated by its principal components.",
  "long_description": "Converts input data to the basis generated by its principal components.",
  "input_tables": [
    {
      "requiredInputKind": [
        "PartitionByAny"
      ],
      "isOrdered": false,
      "partitionByOne": false,
      "name": "inputtable",
      "alternateNames": [],
      "isRequired": true,
      "rDescription": "The table containing the data to be transformed.",
      "description": "The table containing the data to be transformed.",
      "datatype": "TABLE_ALIAS",
      "allowsLists": false,
      "rName": "data",
      "useInR": true,
      "rOrderNum": 2
    },
    {
      "requiredInputKind": [
        "Dimension"
      ],
      "isOrdered": true,
      "partitionByOne": false,
      "name": "PrCompTable",
      "alternateNames": [
        "pcatable"
      ],
      "isRequired": true,
      "rDescription": "The table containing the output of the ta.pca function.This table may be either old-style (with just the standard deviation) or new-style (with the proportion of variance and the cumulative variance). The function should detect which PCA output is being used.",
      "description": "The table containing the output of the PCA_Reduce function.This table may be either old-style (with just the standard deviation) or new-style (with the proportion of variance and the cumulative variance). The function should detect which PCA output is being used.",
      "datatype": "TABLE_ALIAS",
      "allowsLists": false,
      "rName": "object",
      "useInR": true,
      "rOrderNum": 1
    }
  ],
  "argument_clauses": [
    {
      "targetTable": [
        "inputtable"
      ],
      "checkDuplicate": true,
      "allowedTypes": [],
      "allowedTypeGroups": [
        "ALL"
      ],
      "matchLengthOfArgument": "",
      "allowPadding": true,
      "name": "Accumulate",
      "alternateNames": [],
      "isRequired": false,
      "rDescription": "Specifies the names of the input table columns to copy to the output table.",
      "description": " Specify the names of the input table columns to copy to the output table.",
      "datatype": "COLUMNS",
      "allowsLists": true,
      "rName": "accumulate",
      "useInR": true,
      "rOrderNum": 4
    },
    {
      "lowerBound": 0,
      "upperBound": 2147483647,
      "lowerBoundType": "EXCLUSIVE",
      "upperBoundType": "INCLUSIVE",
      "allowNaN": false,
      "name": "Components",
      "alternateNames": [],
      "isRequired": true,
      "rDescription": " Specifies the number of principal components to return (an integer). If num_components is k, then the function returns the top k components.",
      "description": "Specify the number of principal components for which to calculate scores. The num_components must be an integer not greater than the number of components (rows) in pca_table .",
      "datatype": "INTEGER",
      "allowsLists": false,
      "rName": "components",
      "useInR": true,
      "rOrderNum": 3
    },
    {
      "permittedValues": [],
      "isOutputColumn": false,
      "matchLengthOfArgument": "",
      "allowPadding": true,
      "name": "UniqueId",
      "alternateNames": [
        "SequenceInputBy"
      ],
      "isRequired": false,
      "rDescription": "Specifies the LIST_VECTOR of column(s) that uniquely identifies each row of the input argument INPUT_ARG_NAME. The argument is used to ensure deterministic results for functions which produce results that vary from run to run.",
      "description": "Specifies the input column(s) that uniquely identify each row of input table. The format is 'input1:c1' where input1 refers to the alias used by the input table that contains such column named c1.",
      "datatype": "STRING",
      "allowsLists": true,
      "rName": "sequence.column",
      "useInR": true,
      "rOrderNum": 50
    }
  ]
}