{
  "json_schema_major_version": "1",
  "json_schema_minor_version": "2",
  "json_content_version": "1",
  "function_name": "ROC",
  "function_version": "1.6",
  "function_type": "driver",
  "function_alias_name": "ROC",
  "function_r_name": "aa.roc",
  "short_description": "Computes ROC, AUC and Gini.",
  "long_description": "Computes ROC, AUC and Gini for binary classifiers.",
  "input_tables": [
    {
      "requiredInputKind": [],
      "isOrdered": false,
      "partitionByOne": false,
      "name": "InputTable",
      "alternateNames": [],
      "isRequired": true,
      "rDescription": "Specifies the name of the table that contains the prediction-actual pairs for a binary classifier.",
      "description": "Specifies the name of the table that contains the prediction-actual pairs for a binary classifier.",
      "datatype": "TABLE_NAME",
      "allowsLists": false,
      "rName": "data",
      "useInR": true,
      "rOrderNum": 1
    }
  ],
  "output_tables": [
    {
      "isOutputTable": true,
      "name": "ROCTable",
      "alternateNames": [],
      "isRequired": false,
      "rDescription": "Specifies the name of the output table that this function uses to store the ROC information it generates. The roctable must not already exist.",
      "description": "Specifies the name of the output table that this function uses to store the ROC information it generates. The roctable must not already exist.",
      "datatype": "TABLE_NAME",
      "allowsLists": false,
      "rName": "r.o.c.table",
      "useInR": true,
      "rOrderNum": 101
    },
    {
      "isOutputTable": true,
      "name": "OutputTable",
      "alternateNames": [],
      "isRequired": false,
      "rDescription": "Specifies the name for the output table that the function creates. The outputtable must not already exist.",
      "description": "Specify the name for the output table that the function creates. The output_table must not already exist.",
      "datatype": "TABLE_NAME",
      "allowsLists": false,
      "rName": "output.table",
      "useInR": true,
      "rOrderNum": 100
    }
  ],
  "argument_clauses": [
    {
      "targetTable": [
        "InputTable"
      ],
      "checkDuplicate": true,
      "allowedTypes": [],
      "allowedTypeGroups": [
        "NUMERIC"
      ],
      "requiredLength": 1,
      "matchLengthOfArgument": "",
      "allowPadding": true,
      "name": "ProbabilityColumn",
      "alternateNames": [],
      "isRequired": true,
      "rDescription": "Specifies the name of the input table column that contains the predictions.",
      "description": "Specify the name of the input table column that contains the predictions.",
      "datatype": "COLUMN_NAMES",
      "allowsLists": false,
      "rName": "probability.column",
      "useInR": true,
      "rOrderNum": 3
    },
    {
      "targetTable": [
        "InputTable"
      ],
      "checkDuplicate": true,
      "allowedTypes": [],
      "allowedTypeGroups": [
        "ALL"
      ],
      "requiredLength": 1,
      "matchLengthOfArgument": "",
      "allowPadding": true,
      "name": "ObservationColumn",
      "alternateNames": [
        "ObsColumn"
      ],
      "isRequired": true,
      "rDescription": "Specifies the name of the input table column that contains the actual classes. ",
      "description": "Specifies the name of the input table column that contains the actual classes. ",
      "datatype": "COLUMN_NAMES",
      "allowsLists": false,
      "rName": "observation.column",
      "useInR": true,
      "rOrderNum": 4
    },
    {
      "targetTable": [
        "InputTable"
      ],
      "checkDuplicate": true,
      "allowedTypes": [],
      "allowedTypeGroups": [
        "ALL"
      ],
      "requiredLength": 1,
      "matchLengthOfArgument": "",
      "allowPadding": true,
      "name": "ModelIdColumn",
      "alternateNames": [],
      "isRequired": false,
      "rDescription": "Specifies the name of the input table column that contains the model or partition identifiers for the ROC curves.",
      "description": " Specify the name of the input table column that contains the model or partition identifiers for the ROC curves.",
      "datatype": "COLUMN_NAMES",
      "allowsLists": false,
      "rName": "model.id.column",
      "useInR": true,
      "rOrderNum": 2
    },
    {
      "permittedValues": [],
      "isOutputColumn": false,
      "name": "PositiveClass",
      "alternateNames": [],
      "isRequired": true,
      "rDescription": "Specifies the label of the positive class.",
      "description": "Specify the label of the positive class.",
      "datatype": "STRING",
      "allowsLists": false,
      "rName": "positive.class",
      "useInR": true,
      "rOrderNum": 5
    },
    {
      "defaultValue": 50,
      "lowerBound": 1,
      "upperBound": 10000,
      "lowerBoundType": "INCLUSIVE",
      "upperBoundType": "INCLUSIVE",
      "allowNaN": false,
      "name": "NumThresholds",
      "alternateNames": [
        "NumThreshold"
      ],
      "isRequired": false,
      "rDescription": "Specifies the number of thresholds for the function to use. The num_threshold must be a NUMERIC value in the range [1, 10000]. The default value is 50. The function uniformly distributes the thresholds between 0 and 1.",
      "description": "Specifies the number of thresholds for the function to use. The num_threshold must be a NUMERIC value in the range [1, 10000]. The default value is 50. The function uniformly distributes the thresholds between 0 and 1.",
      "datatype": "INTEGER",
      "allowsLists": false,
      "rName": "num.thresholds",
      "useInR": true,
      "rOrderNum": 6
    },
    {
      "defaultValue": true,
      "name": "ROCValues",
      "alternateNames": [],
      "isRequired": false,
      "rDescription": "Specifies whether the function displays roc values (thresholds, false positive rates, and true positive rates). The default value is 'true'. See the note after the table.",
      "description": " Specify whether the function displays ROC values (thresholds, false positive rates, and true positive rates). Default: 'true'. See the following note.",
      "datatype": "BOOLEAN",
      "allowsLists": false,
      "rName": "roc",
      "useInR": true,
      "rOrderNum": 7
    },
    {
      "defaultValue": false,
      "name": "AUC",
      "alternateNames": [],
      "isRequired": false,
      "rDescription": "Specifies whether the function displays the auc calculated from the roc. The default value is 'false'. See the note after the table. ",
      "description": " Specify whether the function displays the AUC calculated from the ROC values. Default: 'false'. See the following note.",
      "datatype": "BOOLEAN",
      "allowsLists": false,
      "rName": "auc",
      "useInR": true,
      "rOrderNum": 8
    },
    {
      "defaultValue": false,
      "name": "GINI",
      "alternateNames": [],
      "isRequired": false,
      "rDescription": "Specifies whether the function displays the gini coefficient calculated from the roc. The default value is 'false'. See the note after the table.",
      "description": " Specify whether the function displays the Gini coefficient calculated from the ROC values. The Gini coefficient is a measure of inequality among values of a frequency distribution. A Gini coefficient of 0 indicates that all values are the same. The closer the Gini coefficient is to 1, the more unequal are the values in the distribution. Default: 'false'. See the following note.",
      "datatype": "BOOLEAN",
      "allowsLists": false,
      "rName": "gini",
      "useInR": true,
      "rOrderNum": 9
    },
    {
      "permittedValues": [],
      "isOutputColumn": false,
      "matchLengthOfArgument": "",
      "allowPadding": true,
      "name": "UniqueId",
      "alternateNames": [
        "SequenceInputBy"
      ],
      "isRequired": false,
      "rDescription": "Specifies the LIST_VECTOR of column(s) that uniquely identifies each row of the input argument INPUT_ARG_NAME. The argument is used to ensure deterministic results for functions which produce results that vary from run to run.",
      "description": "Specifies the input column(s) that uniquely identify each row of input table. The format is 'input1:c1' where input1 refers to the alias used by the input table that contains such column named c1.",
      "datatype": "STRING",
      "allowsLists": true,
      "rName": "sequence.column",
      "useInR": true,
      "rOrderNum": 50
    }
  ]
}