{
  "json_schema_major_version": "1",
  "json_schema_minor_version": "2",
  "json_content_version": "1",
  "function_name": "Scale",
  "function_version": "1.7",
  "function_type": "non-driver",
  "function_alias_name": "Scale",
  "function_r_name": "aa.scale",
  "ref_function_r_name": "aa.scale.map",
  "short_description": "This function scales the input to a specified range.",
  "long_description": "The Scale function uses statistical information from the ScaleMap function to scale the input data set.",
  "input_tables": [
    {
      "requiredInputKind": [
        "Dimension"
      ],
      "isOrdered": false,
      "partitionByOne": false,
      "name": "statistic",
      "alternateNames": [],
      "isRequired": true,
      "rDescription": "The statistic input generated by ScaleMap",
      "description": "The statistic input generated by ScaleMap",
      "datatype": "TABLE_ALIAS",
      "allowsLists": false,
      "rName": "object",
      "useInR": true,
      "rOrderNum": 1
    },
    {
      "requiredInputKind": [
        "PartitionByAny"
      ],
      "isOrdered": false,
      "partitionByOne": false,
      "name": "InputTable",
      "alternateNames": [
        "input"
      ],
      "isRequired": true,
      "rDescription": "The input dataset for scale function.",
      "description": "The input dataset for scale function.",
      "datatype": "TABLE_ALIAS",
      "allowsLists": false,
      "rName": "data",
      "useInR": true,
      "rOrderNum": 2
    }
  ],
  "argument_clauses": [
    {
      "targetTable": [
        "input"
      ],
      "checkDuplicate": true,
      "allowedTypes": [],
      "allowedTypeGroups": [
        "NUMERIC"
      ],
      "matchLengthOfArgument": "",
      "allowPadding": true,
      "name": "TargetColumns",
      "alternateNames": [
        "InputColumns"
      ],
      "isRequired": false,
      "rDescription": "Specifies the input table columns that contain the attribute values of the samples. The attribute values must be numeric values between -1e308 and 1e308. If a value is outside this range, the function treats it as infinity. The default input columns are all columns of the statistic table except stattype.",
      "description": " Specify the input table columns that contain the values to scale. The columns must contain numeric values between -1e 308 and 1e 308 . Default: All columns of the statistic table (the output of the ScaleMap function in the Scale syntax) except stattype",
      "datatype": "COLUMNS",
      "allowsLists": true,
      "rName": "input.columns",
      "useInR": true,
      "rOrderNum": 8
    },
    {
      "targetTable": [
        "input"
      ],
      "checkDuplicate": true,
      "allowedTypes": [],
      "allowedTypeGroups": [
        "ALL"
      ],
      "matchLengthOfArgument": "",
      "allowPadding": true,
      "name": "Accumulate",
      "alternateNames": [],
      "isRequired": false,
      "rDescription": "Specifies the input table columns to copy to the output table. By default, the function copies no input table columns to the output table.",
      "description": " Specify the input table columns to copy to the output table.",
      "datatype": "COLUMNS",
      "allowsLists": true,
      "rName": "accumulate",
      "useInR": true,
      "rOrderNum": 5
    },
    {
      "permittedValues": [
        "MEAN",
        "SUM",
        "USTD",
        "STD",
        "RANGE",
        "MIDRANGE",
        "MAXABS"
      ],
      "isOutputColumn": false,
      "matchLengthOfArgument": "",
      "allowPadding": true,
      "name": "ScaleMethod",
      "alternateNames": [
        "Method"
      ],
      "isRequired": true,
      "rDescription": "Specify one or more methods used to scale the dataset.  If you specify multiple methods are specified, a column scalemethod (which contains the method name) and a row for each input-row/method combination.",
      "description": "Specify one or more statistical methods to use to scale the data set. For method values and descriptions, see Location and Scale for Statistical Methods. If you specify multiple methods, the output table includes the column scalemethod (which contains the method name) and a row for each input-row/method combination.",
      "datatype": "STRING",
      "allowsLists": true,
      "rName": "method",
      "useInR": true,
      "rOrderNum": 3
    },
    {
      "defaultValue": false,
      "name": "GlobalScale",
      "alternateNames": [
        "Global"
      ],
      "isRequired": false,
      "rDescription": " Specifies whether all input columns are scaled to the same location and scale. The default value is 'false' (each input column is scaled separately).",
      "description": " Specify whether all input columns are scaled to the same location and scale. For a description of location and scale and the values that are used with each ScaleMethod, see Location and Scale for Statistical Methods. Default: 'false' (Each input column is scaled separately.)",
      "datatype": "BOOLEAN",
      "allowsLists": false,
      "rName": "global",
      "useInR": true,
      "rOrderNum": 4
    },
    {
      "defaultValue": [
        1
      ],
      "allowNaN": false,
      "matchLengthOfArgument": "",
      "allowPadding": true,
      "name": "Multiplier",
      "alternateNames": [],
      "isRequired": false,
      "rDescription": "Specifies one or more multiplying factors to apply to the input variables\u2014multiplier in the following formula: X' = intercept + multiplier * (X - location)/scale If you specify only one multiplier, it applies to all columns specified by the input.columns argument. If you specify multiple multiplying factors, each multiplier applies to the corresponding input column. For example, the first multiplier applies to the first column specified by the input.columns argument, the second multiplier applies to the second input column, and so on. The default multiplier is 1. ",
      "description": " Specify one or more multiplying factors to apply to the input variables\u2014 multiplier in this formula: X' = intercept + multiplier * ( X - location )/ scale If you specify only one multiplier , it applies to all columns specified by the TargetColumns argument. If you specify multiple multiplying factors, each multiplier applies to the corresponding input column. For example, the first multiplier applies to the first column specified by the TargetColumns argument, the second multiplier applies to the second input column, and so on. Default: multiplier is 1.",
      "datatype": "DOUBLE",
      "allowsLists": true,
      "rName": "multiplier",
      "useInR": true,
      "rOrderNum": 6
    },
    {
      "permittedValues": [],
      "defaultValue": [
        "0"
      ],
      "isOutputColumn": false,
      "matchLengthOfArgument": "",
      "allowPadding": true,
      "name": "Intercept",
      "alternateNames": [],
      "isRequired": false,
      "rDescription": "Specifies one or more addition factors incrementing the scaled results\u2014intercept in the following formula: X' = intercept + multiplier * (X - location)/scale If you specify only one intercept, it applies to all columns specified by the input.columns argument. If you specify multiple addition factors, each intercept applies to the corresponding input column. The syntax of intercept is: [-]{number | min | mean | max } where min, mean, and max are the global minimum, maximum, mean values in the corresponding columns. The function scales the values of min, mean, and max. For example, if intercept is '- min' and multiplier is 1, the scaled result is transformed to a nonnegative sequence according to this formula, where scaledmin is the scaled value: X' = -scaledmin + 1 * (X - location)/scale The default intercept is 0.",
      "description": " Specify one or more addition factors incrementing the scaled results\u2014 intercept in this formula: X' = intercept + multiplier * ( X - location )/ scale If you specify only one intercept , it applies to all columns specified by the TargetColumns argument. If you specify multiple addition factors, each intercept applies to the corresponding input column. This is the syntax of intercept : number | min | mean | max } where min , mean , and max are the scaled global minimum, maximum, mean values of the corresponding columns. This is the formula for computing the scaled global minimum: scaledmin = (minX - location )/ scale The formulas for computing the scaled global mean and maximum are analogous to the preceding formula. For example, if intercept is '- min' and multiplier is 1, this is the formula for computing the scaled result X' from the original value X: X' = - scaledmin + 1 * (X - location / scale ) Default: intercept is 0.",
      "datatype": "STRING",
      "allowsLists": true,
      "rName": "intercept",
      "useInR": true,
      "rOrderNum": 7
    },
    {
      "permittedValues": [],
      "isOutputColumn": false,
      "matchLengthOfArgument": "",
      "allowPadding": true,
      "name": "UniqueId",
      "alternateNames": [
        "SequenceInputBy"
      ],
      "isRequired": false,
      "rDescription": "Specifies the LIST_VECTOR of column(s) that uniquely identifies each row of the input argument INPUT_ARG_NAME. The argument is used to ensure deterministic results for functions which produce results that vary from run to run.",
      "description": "Specifies the input column(s) that uniquely identify each row of input table. The format is 'input1:c1' where input1 refers to the alias used by the input table that contains such column named c1.",
      "datatype": "STRING",
      "allowsLists": true,
      "rName": "sequence.column",
      "useInR": true,
      "rOrderNum": 50
    }
  ]
}