{
  "json_schema_major_version": "1",
  "json_schema_minor_version": "2",
  "json_content_version": "1",
  "function_name": "ScaleMap",
  "function_version": "1.6",
  "function_type": "non-driver",
  "function_alias_name": "ScaleMap",
  "function_r_name": "aa.scale.map",
  "short_description": "This function gathers the statistic of the input.",
  "long_description": "The ScaleMap function is designed for internal use only; its output is not intended for human interpretation. The ScaleMap function calculates and outputs statistical information for a data set at the vworker level. The output of the ScaleMap function is intended to be input to the functions Scale (which calculates scaled values for the data set) and ScaleSummary (which calculates global statistics for the data set).",
  "function_operation": "map",
  "partner_function": "Scale, ScalePrinter",
  "input_tables": [
    {
      "requiredInputKind": [
        "PartitionByAny"
      ],
      "isOrdered": false,
      "partitionByOne": false,
      "name": "input",
      "alternateNames": [],
      "isRequired": true,
      "rDescription": "The input dataset for scale function.",
      "description": "The input dataset for scale function.",
      "datatype": "TABLE_ALIAS",
      "allowsLists": false,
      "rName": "data",
      "useInR": true,
      "rOrderNum": 1
    }
  ],
  "argument_clauses": [
    {
      "targetTable": [
        "input"
      ],
      "checkDuplicate": true,
      "allowedTypes": [],
      "allowedTypeGroups": [
        "NUMERIC"
      ],
      "matchLengthOfArgument": "",
      "allowPadding": true,
      "name": "TargetColumns",
      "alternateNames": [
        "InputColumns"
      ],
      "isRequired": true,
      "rDescription": "Specifies the input table columns that contain the attribute values of the samples. The attribute values must be numeric values between -1e308 and 1e308. If a value is outside this range, the function treats it as infinity.",
      "description": "Specify the names of input table columns for which to calculate statistics. The columns must contain numeric values between -1e308 and 1e308. If a value is outside this range, the function treats it as infinity.",
      "datatype": "COLUMNS",
      "allowsLists": true,
      "rName": "input.columns",
      "useInR": true,
      "rOrderNum": 2
    },
    {
      "permittedValues": [
        "KEEP",
        "OMIT",
        "ZERO",
        "LOCATION"
      ],
      "defaultValue": "KEEP",
      "isOutputColumn": false,
      "name": "MissValue",
      "alternateNames": [],
      "isRequired": false,
      "rDescription": "Specifies how the ta.scale, ta.scalemap, and ta.partitionscale functions are to process NULL values in input, as follows:KEEP (default): Keep NULL values, OMIT: Ignore any row that has a NULL value, ZERO: Replace each NULL value with zero, LOCATION: Replace each NULL value with its location value.",
      "description": " Specify how the Scale, ScaleMap, and ScaleByPartition functions are to process NULL values in input, as follows: Option Description KEEP (Default) Keep NULL values. OMIT Ignore any row that has a NULL value. ZERO Replace each NULL value with zero. LOCATION Replace each NULL value with its location value.",
      "datatype": "STRING",
      "allowsLists": false,
      "rName": "miss.value",
      "useInR": true,
      "rOrderNum": 3
    },
    {
      "permittedValues": [],
      "isOutputColumn": false,
      "matchLengthOfArgument": "",
      "allowPadding": true,
      "name": "UniqueId",
      "alternateNames": [
        "SequenceInputBy"
      ],
      "isRequired": false,
      "rDescription": "Specifies the LIST_VECTOR of column(s) that uniquely identifies each row of the input argument INPUT_ARG_NAME. The argument is used to ensure deterministic results for functions which produce results that vary from run to run.",
      "description": "Specifies the input column(s) that uniquely identify each row of input table. The format is 'input1:c1' where input1 refers to the alias used by the input table that contains such column named c1.",
      "datatype": "STRING",
      "allowsLists": true,
      "rName": "sequence.column",
      "useInR": true,
      "rOrderNum": 50
    }
  ]
}