{
  "json_schema_major_version": "1",
  "json_schema_minor_version": "2",
  "json_content_version": "1",
  "function_name": "SparseSVMPredictor",
  "function_version": "1.3",
  "function_type": "non-driver",
  "function_alias_name": "SVMSparsePredict",
  "function_r_name": "aa.svm.sparse.predict",
  "ref_function_r_name": "aa.svm.sparse.train",
  "short_description": "This function gives a predict label for each input sample according to the pre-trained model table.",
  "long_description": "The SparseSVMPredictor function takes the model output by the function SVMSparse and a set of test samples (in sparse format) and outputs a prediction for each sample. This function can be used with real-time applications. See AMLGenerator.",
  "input_tables": [
    {
      "requiredInputKind": [
        "PartitionByKey"
      ],
      "isOrdered": false,
      "partitionByOne": false,
      "name": "InputTable",
      "alternateNames": [
        "input"
      ],
      "isRequired": true,
      "rDescription": "Input query data.",
      "description": "Input query data.",
      "datatype": "TABLE_ALIAS",
      "allowsLists": false,
      "rName": "newdata",
      "useInR": true,
      "rOrderNum": 2
    },
    {
      "requiredInputKind": [
        "Dimension"
      ],
      "isOrdered": false,
      "partitionByOne": false,
      "name": "model",
      "alternateNames": [],
      "isRequired": true,
      "rDescription": "The model table generated by SVMTrainer.",
      "description": "The model table generated by SVMTrainer.",
      "datatype": "TABLE_ALIAS",
      "allowsLists": false,
      "rName": "object",
      "useInR": true,
      "rOrderNum": 1
    }
  ],
  "argument_clauses": [
    {
      "targetTable": [
        "input"
      ],
      "checkDuplicate": true,
      "allowedTypes": [],
      "allowedTypeGroups": [
        "STRING",
        "INTEGER"
      ],
      "requiredLength": 1,
      "matchLengthOfArgument": "",
      "allowPadding": true,
      "name": "AttributeNameColumn",
      "alternateNames": [
        "AttributeColumn"
      ],
      "isRequired": true,
      "rDescription": " Specifies the name of the sample_table column that contains the attributes of the test samples.",
      "description": "Specify the name of the input column that contains the attributes of the test samples.",
      "datatype": "COLUMNS",
      "allowsLists": false,
      "rName": "attribute.column",
      "useInR": true,
      "rOrderNum": 4
    },
    {
      "targetTable": [
        "input"
      ],
      "checkDuplicate": true,
      "allowedTypes": [],
      "allowedTypeGroups": [
        "DISTRIBUTIONTYPE"
      ],
      "requiredLength": 1,
      "matchLengthOfArgument": "",
      "allowPadding": true,
      "name": "IDColumn",
      "alternateNames": [
        "SampleIdColumn"
      ],
      "isRequired": true,
      "rDescription": "Specifies the name of the sample_table column that contains the identifiers of the test samples. The sample_table must be partitioned by this column.",
      "description": "Specify the name of the input column that contains the identifiers of the test samples. The sample_table must be partitioned by this column.",
      "datatype": "COLUMNS",
      "allowsLists": false,
      "rName": "sample.id.column",
      "useInR": true,
      "rOrderNum": 3
    },
    {
      "targetTable": [
        "input"
      ],
      "checkDuplicate": true,
      "allowedTypes": [],
      "allowedTypeGroups": [
        "NUMERIC"
      ],
      "requiredLength": 1,
      "matchLengthOfArgument": "",
      "allowPadding": true,
      "name": "AttributeValueColumn",
      "alternateNames": [
        "ValueColumn"
      ],
      "isRequired": false,
      "rDescription": " Specifies the name of the sample_table column that contains the attribute values. By default, each attribute has the value 1.",
      "description": " Specify the name of the input column that contains the attribute values. Default behavior: Each attribute has the value 1.",
      "datatype": "COLUMNS",
      "allowsLists": false,
      "rName": "value.column",
      "useInR": true,
      "rOrderNum": 5
    },
    {
      "targetTable": [
        "input"
      ],
      "checkDuplicate": true,
      "allowedTypes": [],
      "allowedTypeGroups": [
        "ALL"
      ],
      "matchLengthOfArgument": "",
      "allowPadding": true,
      "name": "Accumulate",
      "alternateNames": [
        "AccumulateLabel"
      ],
      "isRequired": false,
      "rDescription": " Specifies the names of the sample_table columns to copy to the output table.",
      "description": " Specify the names of the input columns to copy to the output table.",
      "datatype": "COLUMNS",
      "allowsLists": true,
      "rName": "accumulate.label",
      "useInR": true,
      "rOrderNum": 6
    },
    {
      "defaultValue": 1,
      "lowerBound": 1,
      "upperBound": 2147483647,
      "lowerBoundType": "INCLUSIVE",
      "upperBoundType": "INCLUSIVE",
      "allowNaN": false,
      "name": "OutputClassNum",
      "alternateNames": [],
      "isRequired": false,
      "rDescription": "Valid only for multiple-class models. Specifies the number of class labels to appear in the output table, with its corresponding prediction confidence. The default value is 1.",
      "description": " Valid only for multiple-class models. Specify the number of class labels to appear in the output table, with its corresponding prediction confidence. Default: 1",
      "datatype": "INTEGER",
      "allowsLists": false,
      "rName": "output.class.num",
      "useInR": true,
      "rOrderNum": 7
    },
    {
      "permittedValues": [],
      "isOutputColumn": false,
      "matchLengthOfArgument": "",
      "allowPadding": true,
      "name": "UniqueId",
      "alternateNames": [
        "SequenceInputBy"
      ],
      "isRequired": false,
      "rDescription": "Specifies the LIST_VECTOR of column(s) that uniquely identifies each row of the input argument INPUT_ARG_NAME. The argument is used to ensure deterministic results for functions which produce results that vary from run to run.",
      "description": "Specifies the input column(s) that uniquely identify each row of input table. The format is 'input1:c1' where input1 refers to the alias used by the input table that contains such column named c1.",
      "datatype": "STRING",
      "allowsLists": true,
      "rName": "sequence.column",
      "useInR": true,
      "rOrderNum": 50
    }
  ]
}