{
  "json_schema_major_version": "1",
  "json_schema_minor_version": "2",
  "json_content_version": "1",
  "function_name": "TextClassifierEvaluator",
  "function_version": "1.3",
  "function_type": "non-driver",
  "function_alias_name": "TextClassifierEvaluator",
  "function_r_name": "aa.text.classifier.evaluate",
  "ref_function_r_name": "aa.text.classifier.predict",
  "short_description": "Evaluate the text classification SQL/MR function",
  "long_description": "The TextClassifierEvaluator function evaluates the precision, recall, and F-measure of the trained model output by the function TextClassifier.",
  "input_tables": [
    {
      "requiredInputKind": [
        "PartitionByKey"
      ],
      "isOrdered": false,
      "partitionByOne": true,
      "name": "input",
      "alternateNames": [],
      "isRequired": true,
      "rDescription": "The relation that contains the output of a classifier",
      "description": "The relation that contains the output of a classifier",
      "datatype": "TABLE_ALIAS",
      "allowsLists": false,
      "rName": "object",
      "useInR": true,
      "rOrderNum": 1
    }
  ],
  "argument_clauses": [
    {
      "targetTable": [
        "input"
      ],
      "checkDuplicate": true,
      "allowedTypes": [],
      "allowedTypeGroups": [
        "ALL"
      ],
      "requiredLength": 1,
      "matchLengthOfArgument": "",
      "allowPadding": true,
      "name": "ObservationColumn",
      "alternateNames": [
        "ObsColumn"
      ],
      "isRequired": true,
      "rDescription": "Specifies the name of the input column that contains the expected (correct) category.",
      "description": "Specifies the name of the input column that contains the expected (correct) category.",
      "datatype": "COLUMNS",
      "allowsLists": false,
      "rName": "obs.column",
      "useInR": true,
      "rOrderNum": 2
    },
    {
      "targetTable": [
        "input"
      ],
      "checkDuplicate": true,
      "allowedTypes": [],
      "allowedTypeGroups": [
        "ALL"
      ],
      "requiredLength": 1,
      "matchLengthOfArgument": "",
      "allowPadding": true,
      "name": "PredictColumn",
      "alternateNames": [],
      "isRequired": true,
      "rDescription": "Specifies the name of the input column that contains the predicted category.",
      "description": "Specify the name of the input column that contains the predicted category (assigned by the function TextClassifier).",
      "datatype": "COLUMNS",
      "allowsLists": false,
      "rName": "predict.column",
      "useInR": true,
      "rOrderNum": 3
    },
    {
      "permittedValues": [],
      "isOutputColumn": false,
      "matchLengthOfArgument": "",
      "allowPadding": true,
      "name": "UniqueId",
      "alternateNames": [
        "SequenceInputBy"
      ],
      "isRequired": false,
      "rDescription": "Specifies the LIST_VECTOR of column(s) that uniquely identifies each row of the input argument INPUT_ARG_NAME. The argument is used to ensure deterministic results for functions which produce results that vary from run to run.",
      "description": "Specifies the input column(s) that uniquely identify each row of input table. The format is 'input1:c1' where input1 refers to the alias used by the input table that contains such column named c1.",
      "datatype": "STRING",
      "allowsLists": true,
      "rName": "sequence.column",
      "useInR": true,
      "rOrderNum": 50
    }
  ]
}