{
  "json_schema_major_version": "1",
  "json_schema_minor_version": "2",
  "json_content_version": "1",
  "function_name": "TF",
  "function_version": "1.2",
  "function_type": "non-driver",
  "function_alias_name": "TF",
  "function_r_name": "aa.tf",
  "short_description": "SQL/MR function for Term Frequency",
  "long_description": "Compute the term frequency. The input table should be of schema (docid datatype, term varchar) or (docid datatype, term varchar, count int). Four values are supported in 'FORMULA': bool, log, augment, normal. They are corresponding to four kinds of term frequency: boolean frequency, logarithmically scaled frequency, augmented frequency, and normalized frequency. Default value is normal. ",
  "input_tables": [
    {
      "requiredInputKind": [
        "PartitionByKey"
      ],
      "isOrdered": false,
      "partitionByOne": false,
      "name": "input",
      "alternateNames": [],
      "isRequired": true,
      "rDescription": "The input table that contains the document id and the term.",
      "description": "The input table that contains the document id and the term.",
      "datatype": "TABLE_ALIAS",
      "allowsLists": false,
      "rName": "data",
      "useInR": true,
      "rOrderNum": 1
    }
  ],
  "argument_clauses": [
    {
      "permittedValues": [
        "bool",
        "log",
        "augment",
        "normal"
      ],
      "defaultValue": "normal",
      "isOutputColumn": false,
      "name": "Formula",
      "alternateNames": [],
      "isRequired": false,
      "rDescription": "Specifies the formula for calculating the term frequency (tf) of term t in document d: \u2022 normal: Normalized frequency (default): tf (t, d) = f ((t, d) / sum { w,w \u2208 d } This value is rf divided by the number of terms in the document. \u2022 bool: Boolean frequency: tf ((t, d) = 1 if t occurs in d; otherwise, tf ((t, d) = 0. \u2022 log: Logarithmically-scaled frequency: tf ((t, d) = log (f ((t, d) + 1) where f ((t, d) is the number of times t occurs in d (that is, the raw frequency, rf). \u2022 augment: Augmented frequency (to prevent bias towards longer documents): tf ((t, d) = 0.5 + (0.5 \u00d7 f ((t, d) / max { f (w, d) : w \u2208 d }) This value is rf divided by the maximum raw frequency of any term in the document. Note: When using the output of a previous run of the tf_idf function on a training document set to predict ta.tf_idf scores on an input document set, use the same Formula value for the input document set that you used for the training document set.",
      "description": " Specify the formula for calculating the term frequency (tf) of term t in document d : Option Description 'normal' (Default) Normalized frequency: tf( t , d ) = f (( t , d ) / sum { w , w \u2208 d } This value is rf divided by number of terms in document. 'bool' Boolean frequency: tf(( t , d ) = 1 if t occurs in d ; otherwise, tf(( t , d ) = 0 . 'log' Logarithmically-scaled frequency: tf(( t , d ) = log(f(( t , d )+1) where f(( t , d ) is the number of times t occurs in d (that is, raw frequency, rf ). 'augment' Augmented frequency, which prevents bias towards longer documents: tf(( t , d ) = 0.5 + (0.5 \u00d7 f (( t , d ) / max {f( w , d ) : w \u2208 d }) This value is rf divided by maximum raw frequency of any term in document. Note: When using the output of a previous run of the TFIDF function on a training document set to predict TFIDF scores on an input document set, use the same Formula value for the input document set that you used for the training document set.",
      "datatype": "STRING",
      "allowsLists": false,
      "rName": "formula",
      "useInR": true,
      "rOrderNum": 2
    },
    {
      "permittedValues": [],
      "isOutputColumn": false,
      "matchLengthOfArgument": "",
      "allowPadding": true,
      "name": "UniqueId",
      "alternateNames": [
        "SequenceInputBy"
      ],
      "isRequired": false,
      "rDescription": "Specifies the LIST_VECTOR of column(s) that uniquely identifies each row of the input argument INPUT_ARG_NAME. The argument is used to ensure deterministic results for functions which produce results that vary from run to run.",
      "description": "Specifies the input column(s) that uniquely identify each row of input table. The format is 'input1:c1' where input1 refers to the alias used by the input table that contains such column named c1.",
      "datatype": "STRING",
      "allowsLists": true,
      "rName": "sequence.column",
      "useInR": true,
      "rOrderNum": 50
    }
  ]
}