{
  "json_schema_major_version": "1",
  "json_schema_minor_version": "2",
  "json_content_version": "1",
  "function_name": "TrainSentimentExtractor",
  "function_version": "2.5",
  "function_type": "driver",
  "function_alias_name": "SentimentTrainer",
  "function_r_name": "aa.sentiment.train",
  "short_description": "SQL/MR function to train the model used in sentiment extraction.",
  "long_description": "SQL/MR function to train model used in sentiment extraction. At present, maximum extropy model is supported.",
  "input_tables": [
    {
      "requiredInputKind": [],
      "isOrdered": false,
      "partitionByOne": false,
      "name": "InputTable",
      "alternateNames": [],
      "isRequired": true,
      "rDescription": "Specifies the name of the table that contains the training data.",
      "description": "Specifies the name of the table that contains the training data.",
      "datatype": "TABLE_NAME",
      "allowsLists": false,
      "rName": "data",
      "useInR": true,
      "rOrderNum": 1
    }
  ],
  "argument_clauses": [
    {
      "targetTable": [
        "InputTable"
      ],
      "checkDuplicate": true,
      "allowedTypes": [],
      "allowedTypeGroups": [
        "ALL"
      ],
      "requiredLength": 1,
      "matchLengthOfArgument": "",
      "allowPadding": true,
      "name": "TextColumn",
      "alternateNames": [],
      "isRequired": true,
      "rDescription": "Specifies the name of the input table column that contains the training data.",
      "description": "Specify the name of the input table column that contains the training data.",
      "datatype": "COLUMN_NAMES",
      "allowsLists": false,
      "rName": "text.column",
      "useInR": true,
      "rOrderNum": 2
    },
    {
      "targetTable": [
        "InputTable"
      ],
      "checkDuplicate": true,
      "allowedTypes": [],
      "allowedTypeGroups": [
        "ALL"
      ],
      "requiredLength": 1,
      "matchLengthOfArgument": "",
      "allowPadding": true,
      "name": "SentimentColumn",
      "alternateNames": [],
      "isRequired": true,
      "rDescription": "Specifies the name of the input table column that contains the sentiment values, which are'POS' (positive), 'NEG' (negative), and 'NEU' (neutral).",
      "description": "Specify the name of the input table column that contains the sentiment values, which are the following: Sentiment Value Description 'POS' Positive 'NEG' Negative 'NEU' Neutral",
      "datatype": "COLUMN_NAMES",
      "allowsLists": false,
      "rName": "sentiment.column",
      "useInR": true,
      "rOrderNum": 3
    },
    {
      "permittedValues": [],
      "isOutputColumn": false,
      "name": "OutputModelFile",
      "alternateNames": [
        "ModelFile",
        "ModelFileName"
      ],
      "isRequired": true,
      "rDescription": "Specifies the name of the file to which the function outputs the model.",
      "description": "Specifies the name of the file to which the function outputs the model.",
      "datatype": "STRING",
      "allowsLists": false,
      "rName": "model.file",
      "useInR": true,
      "rOrderNum": 5
    },
    {
      "permittedValues": [
        "en",
        "zh_CN",
        "zh_TW"
      ],
      "defaultValue": "en",
      "isOutputColumn": false,
      "name": "InputLanguage",
      "alternateNames": [
        "Language"
      ],
      "isRequired": false,
      "rDescription": "Specifies the language of the training data: 'en' (English), 'zh_CN' (Simple Chinese), 'zh_TW' (Traditional Chinese).",
      "description": " Specify the language of the input text: Option Description 'en' (Default) English 'zh_CN' Simplified Chinese 'zh_TW' Traditional Chinese",
      "datatype": "STRING",
      "allowsLists": false,
      "rName": "language",
      "useInR": true,
      "rOrderNum": 4
    },
    {
      "permittedValues": [],
      "isOutputColumn": false,
      "matchLengthOfArgument": "",
      "allowPadding": true,
      "name": "UniqueId",
      "alternateNames": [
        "SequenceInputBy"
      ],
      "isRequired": false,
      "rDescription": "Specifies the LIST_VECTOR of column(s) that uniquely identifies each row of the input argument INPUT_ARG_NAME. The argument is used to ensure deterministic results for functions which produce results that vary from run to run.",
      "description": "Specifies the input column(s) that uniquely identify each row of input table. The format is 'input1:c1' where input1 refers to the alias used by the input table that contains such column named c1.",
      "datatype": "STRING",
      "allowsLists": true,
      "rName": "sequence.column",
      "useInR": true,
      "rOrderNum": 50
    }
  ]
}