{
  "json_schema_major_version": "1",
  "json_schema_minor_version": "2",
  "json_content_version": "1",
  "function_name": "TrainNamedEntityFinder",
  "function_version": "1.6",
  "function_type": "driver",
  "function_alias_name": "NamedEntityFinderTrainer",
  "function_r_name": "aa.namedentity.finder.train",
  "short_description": "Implements the train name finder SQL/MR function.",
  "long_description": "Implements the train name finder SQL/MR function.",
  "input_tables": [
    {
      "requiredInputKind": [
        "PartitionByKey"
      ],
      "isOrdered": false,
      "partitionByOne": true,
      "name": "input",
      "alternateNames": [],
      "isRequired": true,
      "rDescription": "The input table containing text column to train.",
      "description": "The input table containing text column to train.",
      "datatype": "TABLE_ALIAS",
      "allowsLists": false,
      "rName": "data",
      "useInR": true,
      "rOrderNum": 1
    }
  ],
  "argument_clauses": [
    {
      "targetTable": [
        "input"
      ],
      "checkDuplicate": true,
      "allowedTypes": [],
      "allowedTypeGroups": [
        "STRING"
      ],
      "requiredLength": 1,
      "matchLengthOfArgument": "",
      "allowPadding": true,
      "name": "TextColumn",
      "alternateNames": [],
      "isRequired": true,
      "rDescription": "Specifies the name of the input table column that contains the text to analyze.",
      "description": "Specify the name of the input table column that contains the text to analyze.",
      "datatype": "COLUMNS",
      "allowsLists": false,
      "rName": "text.column",
      "useInR": true,
      "rOrderNum": 2
    },
    {
      "permittedValues": [],
      "isOutputColumn": false,
      "name": "EntityType",
      "alternateNames": [],
      "isRequired": true,
      "rDescription": "Specifies the entity type to be trained (for example, PERSON). The input training documents must contain the same tag.",
      "description": "Specify the entity type to train (for example, PERSON). The input training documents must contain the same tag.",
      "datatype": "STRING",
      "allowsLists": false,
      "rName": "entity.type",
      "useInR": true,
      "rOrderNum": 3
    },
    {
      "permittedValues": [],
      "isOutputColumn": false,
      "name": "OutputModelFile",
      "alternateNames": [
        "Model"
      ],
      "isRequired": true,
      "rDescription": "Specifies the name of the data model file to be generated.",
      "description": "Specifies the name of the data model file to be generated.",
      "datatype": "STRING",
      "allowsLists": false,
      "rName": "model",
      "useInR": true,
      "rOrderNum": 4
    },
    {
      "defaultValue": 100,
      "lowerBound": 0,
      "upperBound": 2147483647,
      "lowerBoundType": "EXCLUSIVE",
      "upperBoundType": "INCLUSIVE",
      "allowNaN": false,
      "name": "IterNum",
      "alternateNames": [],
      "isRequired": false,
      "rDescription": "Specifies the iterator number for training (an openNLP training parameter). The default value is 100.",
      "description": " Specify the iterator number for training (an openNLP training parameter). Default: 100",
      "datatype": "INTEGER",
      "allowsLists": false,
      "rName": "iter.num",
      "useInR": true,
      "rOrderNum": 5
    },
    {
      "defaultValue": 5,
      "lowerBound": 0,
      "upperBound": 2147483647,
      "lowerBoundType": "INCLUSIVE",
      "upperBoundType": "INCLUSIVE",
      "allowNaN": false,
      "name": "Cutoff",
      "alternateNames": [],
      "isRequired": false,
      "rDescription": "Specifies the cutoff number for training (an openNLP training parameter). The default value is 5.",
      "description": " Specify the cutoff number for training (an openNLP training parameter). Default: 5",
      "datatype": "INTEGER",
      "allowsLists": false,
      "rName": "cutoff",
      "useInR": true,
      "rOrderNum": 6
    },
    {
      "permittedValues": [],
      "isOutputColumn": false,
      "matchLengthOfArgument": "",
      "allowPadding": true,
      "name": "UniqueId",
      "alternateNames": [
        "SequenceInputBy"
      ],
      "isRequired": false,
      "rDescription": "Specifies the LIST_VECTOR of column(s) that uniquely identifies each row of the input argument INPUT_ARG_NAME. The argument is used to ensure deterministic results for functions which produce results that vary from run to run.",
      "description": "Specifies the input column(s) that uniquely identify each row of input table. The format is 'input1:c1' where input1 refers to the alias used by the input table that contains such column named c1.",
      "datatype": "STRING",
      "allowsLists": true,
      "rName": "sequence.column",
      "useInR": true,
      "rOrderNum": 50
    }
  ]
}