{
  "json_schema_major_version": "1",
  "json_schema_minor_version": "2",
  "json_content_version": "1",
  "function_name": "Unpivot",
  "function_version": "1.5",
  "function_type": "non-driver",
  "function_alias_name": "Unpivoting",
  "function_r_name": "aa.unpivot",
  "short_description": "This function is used to unpivot a range of columns into an atribute column and a value column.",
  "long_description": "This function is used to unpivot a range of columns into an atribute column and a value column.",
  "input_tables": [
    {
      "requiredInputKind": [
        "PartitionByAny"
      ],
      "isOrdered": false,
      "partitionByOne": false,
      "name": "input",
      "alternateNames": [],
      "isRequired": true,
      "rDescription": "The table containing the data to be pivoted.",
      "description": "The table containing the data to be pivoted.",
      "datatype": "TABLE_ALIAS",
      "allowsLists": false,
      "rName": "data",
      "useInR": true,
      "rOrderNum": 1
    }
  ],
  "argument_clauses": [
    {
      "targetTable": [
        "input"
      ],
      "checkDuplicate": false,
      "allowedTypes": [],
      "allowedTypeGroups": [
        "ALL"
      ],
      "matchLengthOfArgument": "",
      "allowPadding": true,
      "name": "TargetColumns",
      "alternateNames": [],
      "isRequired": true,
      "rDescription": "Specifies the names of the unpivot columns\u2014the input columns to unpivot (convert to rows).",
      "description": "Specify the names of the target columns\u2014the input columns to unpivot (convert to rows).",
      "datatype": "COLUMNS",
      "allowsLists": true,
      "rName": "unpivot",
      "useInR": true,
      "rOrderNum": 2
    },
    {
      "targetTable": [
        "input"
      ],
      "checkDuplicate": true,
      "allowedTypes": [],
      "allowedTypeGroups": [
        "ALL"
      ],
      "matchLengthOfArgument": "",
      "allowPadding": true,
      "name": "Accumulate",
      "alternateNames": [],
      "isRequired": true,
      "rDescription": "Specifies the names of input columns\u2014other than unpivot columns\u2014to copy to the output table. You must specify these columns in the same order that they appear in the input table. No accumulate_column can be an unpivot column.",
      "description": "Specify the names of input columns\u2014other than target columns\u2014to copy to the output table. You must specify these columns in the same order that they appear in the input table. No accumulate_column can be a target_column .",
      "datatype": "COLUMNS",
      "allowsLists": true,
      "rName": "accumulate",
      "useInR": true,
      "rOrderNum": 6
    },
    {
      "defaultValue": false,
      "name": "InputTypes",
      "alternateNames": [],
      "isRequired": false,
      "rDescription": " Specifies whether the unpivoted value column, in the output table, has the same data type as its corresponding unpivot column (if possible). The default value is 'false'\u2014for each unpivoted column, the function outputs the values in a single VARCHAR column. If you specify 'true', the function outputs each unpivoted value column in a separate column. If the unpivot column has a real data type, the unpivoted value column has the data type DOUBLE PRECISION; if the unpivot column has an integer data type, the unpivoted value column has the data type LONG; if the unpivot column has any other data type, the unpivoted value column has the data type VARCHAR.",
      "description": " Specify the data types of the unpivoted values in the output table. If you specify 'true', instead of one column for all attribute values, the output table includes three columns (_long, _double, and _str). The unpivoted value appears in the column corresponding to the value\u2019s data type in the input table. Default: 'false' (For each unpivoted column, the function outputs the values in a single VARCHAR column.)",
      "datatype": "BOOLEAN",
      "allowsLists": false,
      "rName": "input.types",
      "useInR": true,
      "rOrderNum": 3
    },
    {
      "permittedValues": [],
      "defaultValue": "attribute",
      "isOutputColumn": true,
      "name": "AttributeColumn",
      "alternateNames": [],
      "isRequired": false,
      "rDescription": "Specifies the name of the unpivoted attribute column in the output table. The default value is 'attribute'.",
      "description": " Specify the name of the unpivoted attribute column in the output table. Default: 'attribute'",
      "datatype": "STRING",
      "allowsLists": false,
      "rName": "attribute.column",
      "useInR": true,
      "rOrderNum": 4
    },
    {
      "permittedValues": [],
      "defaultValue": "value_col",
      "isOutputColumn": true,
      "name": "ValueColumn",
      "alternateNames": [],
      "isRequired": false,
      "rDescription": "Specifies the name of the unpivoted value column in the output table. The default value is 'value'.",
      "description": "Specify the name of the unpivoted value column in the output table. Default: 'value_col'",
      "datatype": "STRING",
      "allowsLists": false,
      "rName": "value.column",
      "useInR": true,
      "rOrderNum": 5
    },
    {
      "permittedValues": [],
      "isOutputColumn": false,
      "matchLengthOfArgument": "",
      "allowPadding": true,
      "name": "UniqueId",
      "alternateNames": [
        "SequenceInputBy"
      ],
      "isRequired": false,
      "rDescription": "Specifies the LIST_VECTOR of column(s) that uniquely identifies each row of the input argument INPUT_ARG_NAME. The argument is used to ensure deterministic results for functions which produce results that vary from run to run.",
      "description": "Specifies the input column(s) that uniquely identify each row of input table. The format is 'input1:c1' where input1 refers to the alias used by the input table that contains such column named c1.",
      "datatype": "STRING",
      "allowsLists": true,
      "rName": "sequence.column",
      "useInR": true,
      "rOrderNum": 50
    }
  ]
}