{
  "json_schema_major_version": "1",
  "json_schema_minor_version": "2",
  "json_content_version": "1",
  "function_name": "WMAVG",
  "function_version": "1.3",
  "function_type": "non-driver",
  "function_alias_name": "WeightedMovAvg",
  "function_r_name": "aa.wmavg",
  "short_description": "Computes Weighted Moving Averages",
  "long_description": "The weighted moving average computes the average overa number of points in a time series but applies a weighting to older values",
  "input_tables": [
    {
      "requiredInputKind": [
        "PartitionByKey"
      ],
      "isOrdered": true,
      "partitionByOne": false,
      "name": "input",
      "alternateNames": [],
      "isRequired": true,
      "rDescription": "Specifies the name of the table that contains the columns",
      "description": "Specifies the name of the table that contains the columns",
      "datatype": "TABLE_ALIAS",
      "allowsLists": false,
      "rName": "data",
      "useInR": true,
      "rOrderNum": 1
    }
  ],
  "argument_clauses": [
    {
      "targetTable": [
        "input"
      ],
      "checkDuplicate": true,
      "allowedTypes": [],
      "allowedTypeGroups": [
        "NUMERIC"
      ],
      "matchLengthOfArgument": "",
      "allowPadding": true,
      "name": "TargetColumns",
      "alternateNames": [],
      "isRequired": false,
      "rDescription": "Specifies the input column names for which the moving average is to be computed. If you omit this argument, then the function copies every input column to the output table but does not compute moving average.",
      "description": " Specify the names of the input columns for which to compute the weighted moving average. The function copies these columns to the output table. Default behavior: The function copies these columns to the output table but does not compute their weighted moving averages.",
      "datatype": "COLUMNS",
      "allowsLists": true,
      "rName": "target.columns",
      "useInR": true,
      "rOrderNum": 2
    },
    {
      "defaultValue": 10,
      "lowerBound": 3,
      "upperBound": 2147483647,
      "lowerBoundType": "INCLUSIVE",
      "upperBoundType": "INCLUSIVE",
      "allowNaN": false,
      "name": "WindowSize",
      "alternateNames": [],
      "isRequired": false,
      "rDescription": "Specifies the number of old values to be considered for calculating the new weighted moving average.",
      "description": " Specify the number of old values to consider for computing the new weighted moving average. Default: '10'",
      "datatype": "INTEGER",
      "allowsLists": false,
      "rName": "window.size",
      "useInR": true,
      "rOrderNum": 4
    },
    {
      "defaultValue": false,
      "name": "IncludeFirst",
      "alternateNames": [],
      "isRequired": false,
      "rDescription": "Specifies whether to include the starting rows in the output table. The default value is 'false'. If you specify 'true', the output columns for the starting rows contain NULL, because their exponential moving average is undefined.",
      "description": " Specify whether to output the first window_size rows. Because the weighted moving average for the first window_size rows is undefined, the function returns NULL values for those columns. Default: 'false'",
      "datatype": "BOOLEAN",
      "allowsLists": false,
      "rName": "include.first",
      "useInR": true,
      "rOrderNum": 3
    },
    {
      "permittedValues": [],
      "isOutputColumn": false,
      "matchLengthOfArgument": "",
      "allowPadding": true,
      "name": "UniqueId",
      "alternateNames": [
        "SequenceInputBy"
      ],
      "isRequired": false,
      "rDescription": "Specifies the LIST_VECTOR of column(s) that uniquely identifies each row of the input argument INPUT_ARG_NAME. The argument is used to ensure deterministic results for functions which produce results that vary from run to run.",
      "description": "Specifies the input column(s) that uniquely identify each row of input table. The format is 'input1:c1' where input1 refers to the alias used by the input table that contains such column named c1.",
      "datatype": "STRING",
      "allowsLists": true,
      "rName": "sequence.column",
      "useInR": true,
      "rOrderNum": 50
    }
  ]
}