{
  "json_schema_major_version": "1",
  "json_schema_minor_version": "2",
  "json_content_version": "1",
  "function_name": "WSRecommender",
  "function_version": "1.2",
  "function_type": "non-driver",
  "function_alias_name": "WSRecommender",
  "function_r_name": "aa.recommender",
  "short_description": "This function is an item-based and collaborative filtering and used to create recommendations for users",
  "long_description": "The WSRecommender function is an item-based, collaborative filtering function that uses a weighted-sum algorithm to make recommendations (for example, items or products for users to consider purchasing).",
  "input_tables": [
    {
      "requiredInputKind": [
        "PartitionByKey"
      ],
      "isOrdered": false,
      "partitionByOne": false,
      "name": "input",
      "alternateNames": [],
      "isRequired": true,
      "rDescription": "Specifies the input table.",
      "description": "Specifies the input table.",
      "datatype": "TABLE_ALIAS",
      "allowsLists": false,
      "rName": "data",
      "useInR": true,
      "rOrderNum": 0
    }
  ]
}